HistoricalDate,INDEX_NAME,OPEN,HIGH,LOW,CLOSE
21 Jul 2026,Nifty Bank,57853.75,58228.65,57803.85,57835.35
20 Jul 2026,Nifty Bank,57738.25,58111,57533.1,57945.00
17 Jul 2026,Nifty Bank,57662,58596.85,57542.15,58521.40
16 Jul 2026,Nifty Bank,57831.1,57931.3,57420.15,57582.25
15 Jul 2026,Nifty Bank,57643.75,58148.8,57545.2,57757.85
14 Jul 2026,Nifty Bank,57832.55,57840.05,57286.9,57462.30
13 Jul 2026,Nifty Bank,57616.7,58219.9,57492.05,58131.45
10 Jul 2026,Nifty Bank,57592.5,58251.95,57576.7,58045.90
09 Jul 2026,Nifty Bank,56871,57464.2,56867.3,57252.45
08 Jul 2026,Nifty Bank,57918.25,58075.6,56549.4,56742.60
07 Jul 2026,Nifty Bank,58567.85,58581.1,58110.1,58200.70
06 Jul 2026,Nifty Bank,57983.9,58477.3,57938.65,58291.50
03 Jul 2026,Nifty Bank,58343.25,58343.25,57799.05,57938.50
02 Jul 2026,Nifty Bank,58134.5,58396.1,57884.6,58031.65
01 Jul 2026,Nifty Bank,57573.35,58134.15,57487.85,58033.05
30 Jun 2026,Nifty Bank,58011.95,58011.95,57456.65,57542.90
29 Jun 2026,Nifty Bank,58191.45,58318.05,57637.25,57727.35
25 Jun 2026,Nifty Bank,58493.85,58706.05,58109.85,58177.05
24 Jun 2026,Nifty Bank,57074.9,58256.35,57074.9,58150.35
23 Jun 2026,Nifty Bank,57886.75,57970.9,57078.45,57183.75
22 Jun 2026,Nifty Bank,57906.9,58009.1,57720.1,57935.60
19 Jun 2026,Nifty Bank,57754.95,57804.9,57464.55,57685.75
18 Jun 2026,Nifty Bank,57596.45,58021.25,57583.2,57963.80
17 Jun 2026,Nifty Bank,57434.05,57646.15,57222.4,57585.05
16 Jun 2026,Nifty Bank,57320.1,57399.7,57076.25,57297.15
15 Jun 2026,Nifty Bank,57679.65,57804.5,57119.2,57198.80
12 Jun 2026,Nifty Bank,55934.1,56867.1,55726.55,56814.80
11 Jun 2026,Nifty Bank,54779.65,55600.15,54753.15,55176.75
10 Jun 2026,Nifty Bank,55110.5,55555.85,55026.15,55100.30
09 Jun 2026,Nifty Bank,54265,55318.35,54242.3,55194.50
08 Jun 2026,Nifty Bank,53853.45,54455.2,53843.3,54063.75
05 Jun 2026,Nifty Bank,54405.2,54865.5,54140.6,54496.25
04 Jun 2026,Nifty Bank,53918.85,54461,53829.4,54307.85
03 Jun 2026,Nifty Bank,53541.1,54299.35,53027.15,54185.95
02 Jun 2026,Nifty Bank,53265.1,53933.55,53121.85,53714.65
01 Jun 2026,Nifty Bank,54403.85,54582.75,53470,53643.10
29 May 2026,Nifty Bank,54748.3,55184.45,54116.15,54239.20
27 May 2026,Nifty Bank,54992.95,55221.7,54738.6,54853.85
26 May 2026,Nifty Bank,55311.8,55536.8,54979.75,55092.90
25 May 2026,Nifty Bank,54610.55,55405.2,54590.7,55293.65
22 May 2026,Nifty Bank,53483.85,54213.05,53483.55,54055.35
21 May 2026,Nifty Bank,53963.1,54109.15,53156.15,53439.40
20 May 2026,Nifty Bank,53015.7,53640.9,52836.1,53562.20
19 May 2026,Nifty Bank,53553.75,53770.65,53337.05,53409.15
18 May 2026,Nifty Bank,53282.15,53667.55,52783.45,53537.00
15 May 2026,Nifty Bank,54207.75,54325.45,53628.3,53710.35
14 May 2026,Nifty Bank,53639.5,54393.75,53191.6,54128.95
13 May 2026,Nifty Bank,53600.4,54103.9,53194.25,53456.15
12 May 2026,Nifty Bank,54178.4,54365.45,53457.5,53555.20
11 May 2026,Nifty Bank,54832.45,55002.45,54360.7,54439.90
08 May 2026,Nifty Bank,55783.95,55797.7,55062.5,55310.55
07 May 2026,Nifty Bank,56114,56334.15,55783.2,56047.40
06 May 2026,Nifty Bank,55113.4,56078.8,54587.2,55981.05
05 May 2026,Nifty Bank,54691.3,54888.55,54221.65,54547.05
04 May 2026,Nifty Bank,54937.9,55602.3,54723.5,54878.50
30 Apr 2026,Nifty Bank,54880.65,55111.6,54440.25,54863.35
29 Apr 2026,Nifty Bank,55634.5,56178.75,55290.5,55403.60
28 Apr 2026,Nifty Bank,55862.5,56138.05,55263.75,55400.35
27 Apr 2026,Nifty Bank,56162.6,56474.95,55911.1,56264.30
24 Apr 2026,Nifty Bank,56170.2,56460.5,55750.4,56089.75
23 Apr 2026,Nifty Bank,56608.95,56868.7,56217.15,56305.00
22 Apr 2026,Nifty Bank,57163.35,57438.2,57002.15,57124.45
21 Apr 2026,Nifty Bank,56823.6,57456.3,56696.3,57371.45
20 Apr 2026,Nifty Bank,56704.05,57085.1,56356.55,56582.35
17 Apr 2026,Nifty Bank,56072.4,56628.7,55841.65,56565.70
16 Apr 2026,Nifty Bank,56657.25,56834.25,55898.25,56086.40
15 Apr 2026,Nifty Bank,56343.45,56786.25,56109.2,56301.95
13 Apr 2026,Nifty Bank,54646,55752.65,54356.2,55605.05
10 Apr 2026,Nifty Bank,55182.25,55978.5,55145.25,55912.75
09 Apr 2026,Nifty Bank,55505.95,55583.1,54626.85,54821.70
08 Apr 2026,Nifty Bank,54904.45,55778.25,54797.5,55703.90
07 Apr 2026,Nifty Bank,52258.7,52778.2,51868.45,52716.25
06 Apr 2026,Nifty Bank,51747.6,52704.55,51111.1,52609.10
02 Apr 2026,Nifty Bank,50625.65,51731.95,49954.85,51548.75
01 Apr 2026,Nifty Bank,51433.9,52025.85,51133.55,51448.65
30 Mar 2026,Nifty Bank,51527.9,51624.5,50105.25,50275.35
27 Mar 2026,Nifty Bank,53244.25,53292.5,52211.2,52274.60
25 Mar 2026,Nifty Bank,53024.75,54146.15,53024.75,53708.10
24 Mar 2026,Nifty Bank,52384.8,52949.15,51827.5,52605.65
23 Mar 2026,Nifty Bank,52576.1,52665.3,51323.6,51437.75
20 Mar 2026,Nifty Bank,53548.2,54382.45,53297.55,53427.05
19 Mar 2026,Nifty Bank,53474.55,54150.3,53240.6,53451.00
18 Mar 2026,Nifty Bank,54927.05,55554.15,54689.1,55326.05
17 Mar 2026,Nifty Bank,54649.1,54996,54113.15,54876.00
16 Mar 2026,Nifty Bank,53721.5,54664.15,53258.15,54413.40
13 Mar 2026,Nifty Bank,54592.05,54713.75,53675.7,53757.85
12 Mar 2026,Nifty Bank,55008.2,55636.95,54760.55,55100.95
11 Mar 2026,Nifty Bank,56790.4,56938.4,55631.95,55735.75
10 Mar 2026,Nifty Bank,56583.85,57097.05,56387.2,56950.80
09 Mar 2026,Nifty Bank,56121.4,56274.15,55270.6,56019.80
06 Mar 2026,Nifty Bank,58629.6,58807.15,57696.4,57783.25
05 Mar 2026,Nifty Bank,59008.25,59274.35,58506.4,59055.85
04 Mar 2026,Nifty Bank,58447.15,59058.4,58393.55,58755.25
02 Mar 2026,Nifty Bank,59204.3,60177.5,59148,59839.65
27 Feb 2026,Nifty Bank,61057.45,61086.45,60438.95,60529.00
26 Feb 2026,Nifty Bank,61193.9,61284.75,60813.3,61187.70
25 Feb 2026,Nifty Bank,61175.05,61317.55,60816.75,61043.35
24 Feb 2026,Nifty Bank,61392.1,61435.65,60801.85,61047.30
23 Feb 2026,Nifty Bank,61145.55,61517.8,61029.15,61264.25
20 Feb 2026,Nifty Bank,60627.85,61360.5,60562.35,61172.00
19 Feb 2026,Nifty Bank,61660.85,61678.8,60592.9,60739.55
18 Feb 2026,Nifty Bank,61255.35,61596.85,61100.9,61550.80
17 Feb 2026,Nifty Bank,60821.15,61241.6,60560,61174.00
16 Feb 2026,Nifty Bank,59947.8,61011.3,59861.1,60949.10
13 Feb 2026,Nifty Bank,60504.4,60621.9,60073.55,60186.65
12 Feb 2026,Nifty Bank,60786.15,60864.4,60597.65,60739.75
11 Feb 2026,Nifty Bank,60670.25,60779.95,60444.65,60745.35
10 Feb 2026,Nifty Bank,60740.8,60797.55,60531.55,60626.40
09 Feb 2026,Nifty Bank,60805.2,60876.2,60495.7,60669.35
06 Feb 2026,Nifty Bank,59967.1,60149.9,59644.55,60120.55
05 Feb 2026,Nifty Bank,60315.35,60328.3,59881.05,60063.65
04 Feb 2026,Nifty Bank,60163.35,60389.4,59891.75,60238.15
03 Feb 2026,Nifty Bank,61411.2,61764.85,59793.2,60041.30
02 Feb 2026,Nifty Bank,58239.3,58687.05,57829.85,58619.00
01 Feb 2026,Nifty Bank,59607.65,59865.7,57783.2,58417.20
30 Jan 2026,Nifty Bank,59542.25,59906.9,59501.8,59610.45
29 Jan 2026,Nifty Bank,59416.25,60060.7,59339,59957.85
28 Jan 2026,Nifty Bank,59575.65,59699.9,59240.1,59598.80
27 Jan 2026,Nifty Bank,58366.05,59436.8,58121.6,59205.45
23 Jan 2026,Nifty Bank,59305.15,59400.15,58346.25,58473.10
22 Jan 2026,Nifty Bank,59194.25,59573.1,58823.05,59200.10
21 Jan 2026,Nifty Bank,59142,59447.35,58278.6,58800.30
20 Jan 2026,Nifty Bank,59851.4,59993.5,59283.95,59404.20
19 Jan 2026,Nifty Bank,60093.3,60107.5,59594.6,59891.35
16 Jan 2026,Nifty Bank,59590.35,60235.15,59510.5,60095.15
14 Jan 2026,Nifty Bank,59330.35,59796.65,59324.2,59580.15
13 Jan 2026,Nifty Bank,59767.55,59767.55,59312.05,59578.80
12 Jan 2026,Nifty Bank,59217.25,59541.1,58864.2,59450.50
09 Jan 2026,Nifty Bank,59558.15,59739.65,59154.2,59251.55
08 Jan 2026,Nifty Bank,59893.15,60112.85,59564.8,59686.50
07 Jan 2026,Nifty Bank,60039.7,60065.4,59760.65,59990.85
06 Jan 2026,Nifty Bank,59957.8,60305,59844.8,60118.40
05 Jan 2026,Nifty Bank,60360.4,60437.35,59859.8,60044.20
02 Jan 2026,Nifty Bank,59757.4,60203.75,59738.25,60150.95
01 Jan 2026,Nifty Bank,59674.8,59743.2,59569.65,59711.55
31 Dec 2025,Nifty Bank,59194.6,59766.2,59187.1,59581.85
30 Dec 2025,Nifty Bank,58885.95,59272.7,58737.6,59171.25
29 Dec 2025,Nifty Bank,59007.05,59140.4,58809.55,58932.35
26 Dec 2025,Nifty Bank,59092.85,59180.65,58947.05,59011.35
24 Dec 2025,Nifty Bank,59322.95,59478.15,59118.25,59183.60
23 Dec 2025,Nifty Bank,59334.35,59402.35,59216.75,59299.55
22 Dec 2025,Nifty Bank,59224.75,59371.2,59155.5,59304.00
19 Dec 2025,Nifty Bank,59047.4,59140.55,58897.5,59069.20
18 Dec 2025,Nifty Bank,58712.7,59211,58712.7,58912.85
17 Dec 2025,Nifty Bank,59072.8,59127.2,58801.4,58926.75
16 Dec 2025,Nifty Bank,59288.75,59335.25,58966.35,59034.60
15 Dec 2025,Nifty Bank,59053.7,59533,59044.65,59461.80
12 Dec 2025,Nifty Bank,59401.5,59545.7,59224.85,59389.95
11 Dec 2025,Nifty Bank,58966.2,59423.35,58799.9,59209.85
10 Dec 2025,Nifty Bank,59281.55,59440.9,58853.9,58960.40
09 Dec 2025,Nifty Bank,58918.85,59358.25,58878.45,59222.35
08 Dec 2025,Nifty Bank,59672.05,59713.15,59030.6,59238.55
05 Dec 2025,Nifty Bank,59133.2,59806.6,59106.55,59777.20
04 Dec 2025,Nifty Bank,59287.1,59548.7,59062.15,59288.70
03 Dec 2025,Nifty Bank,59158.7,59414.9,58925.7,59348.25
02 Dec 2025,Nifty Bank,59354.2,59656.55,59251.95,59273.80
01 Dec 2025,Nifty Bank,60102.05,60114.3,59527.6,59681.35
28 Nov 2025,Nifty Bank,59758.7,59897.5,59598.95,59752.70
27 Nov 2025,Nifty Bank,59605.3,59866.6,59523,59737.30
26 Nov 2025,Nifty Bank,58783.05,59554.95,58783.05,59528.05
25 Nov 2025,Nifty Bank,58925.65,59166.15,58746.2,58820.30
24 Nov 2025,Nifty Bank,58996.9,59309.9,58649.5,58835.35
21 Nov 2025,Nifty Bank,59116.7,59232.15,58823.65,58867.70
20 Nov 2025,Nifty Bank,59308.2,59440.1,59125.25,59347.70
19 Nov 2025,Nifty Bank,58908.15,59264.25,58688.55,59216.05
18 Nov 2025,Nifty Bank,58990.5,59103.65,58798.9,58899.25
17 Nov 2025,Nifty Bank,58696.3,59001.55,58605.3,58962.70
14 Nov 2025,Nifty Bank,58050,58590.15,58050,58517.55
13 Nov 2025,Nifty Bank,58158.75,58615.95,58127.1,58381.95
12 Nov 2025,Nifty Bank,58505.35,58507.7,58171.85,58274.65
11 Nov 2025,Nifty Bank,57962.3,58187.35,57594.25,58138.15
10 Nov 2025,Nifty Bank,57846.2,58097.2,57846.2,57937.55
07 Nov 2025,Nifty Bank,57391.4,58001.35,57157.85,57876.80
06 Nov 2025,Nifty Bank,57714.8,57945.05,57521,57554.25
04 Nov 2025,Nifty Bank,57966.65,58119.65,57732.95,57827.05
03 Nov 2025,Nifty Bank,57726.85,58247.55,57718.4,58101.45
31 Oct 2025,Nifty Bank,57942.45,58254.95,57656.95,57776.35
30 Oct 2025,Nifty Bank,58152.05,58331.2,57999.2,58031.10
29 Oct 2025,Nifty Bank,58316.25,58469.9,58087.05,58385.25
28 Oct 2025,Nifty Bank,58006.55,58313.8,57770.35,58214.10
27 Oct 2025,Nifty Bank,57796.45,58224.55,57652.75,58114.25
24 Oct 2025,Nifty Bank,58172.75,58232.9,57482.05,57699.60
23 Oct 2025,Nifty Bank,58314.55,58577.5,57951.45,58078.05
21 Oct 2025,Nifty Bank,58063.4,58155.55,57887.2,58007.20
20 Oct 2025,Nifty Bank,57872.85,58261.55,57872.85,58033.20
17 Oct 2025,Nifty Bank,57362.9,57830.2,57238.65,57713.35
16 Oct 2025,Nifty Bank,57139.95,57525.8,56994.7,57422.55
15 Oct 2025,Nifty Bank,56528.95,56922.7,56491.85,56799.90
14 Oct 2025,Nifty Bank,56598.65,56721.3,56230.15,56496.45
13 Oct 2025,Nifty Bank,56337.05,56770.9,56327.4,56625.00
10 Oct 2025,Nifty Bank,56168.6,56760.25,56152.45,56609.75
09 Oct 2025,Nifty Bank,55979,56286.25,55843.9,56192.05
08 Oct 2025,Nifty Bank,56098.5,56303.6,55821,56018.25
07 Oct 2025,Nifty Bank,56126.4,56502.45,56025.05,56239.35
06 Oct 2025,Nifty Bank,55834.7,56164.2,55727.25,56104.85
03 Oct 2025,Nifty Bank,55182.6,55616.45,55177,55589.25
01 Oct 2025,Nifty Bank,54653.9,55406.75,54582.55,55347.95
30 Sep 2025,Nifty Bank,54705.5,54793.05,54502.95,54635.85
29 Sep 2025,Nifty Bank,54460.4,54686.05,54226.6,54461.00
26 Sep 2025,Nifty Bank,54797.9,54897,54310.95,54389.35
25 Sep 2025,Nifty Bank,55061.65,55276.65,54903.3,54976.20
24 Sep 2025,Nifty Bank,55387.1,55511.1,55040.45,55121.50
23 Sep 2025,Nifty Bank,55248.7,55662,55159,55509.75
22 Sep 2025,Nifty Bank,55429.3,55666.35,55215.6,55284.75
19 Sep 2025,Nifty Bank,55647.95,55688.75,55355.3,55458.85
18 Sep 2025,Nifty Bank,55797.1,55835.25,55490.9,55727.45
17 Sep 2025,Nifty Bank,55158.35,55540.75,55146.55,55493.30
16 Sep 2025,Nifty Bank,54778.4,55185.45,54777.75,55147.60
15 Sep 2025,Nifty Bank,54884.05,55018.7,54807.5,54887.85
12 Sep 2025,Nifty Bank,54781.55,54852.25,54580.35,54809.30
11 Sep 2025,Nifty Bank,54413.05,54757.45,54402.4,54669.60
10 Sep 2025,Nifty Bank,54554.75,54705.2,54400,54536.00
09 Sep 2025,Nifty Bank,54330.55,54350.65,54079.45,54216.10
08 Sep 2025,Nifty Bank,54215.4,54518.7,54067.15,54186.90
05 Sep 2025,Nifty Bank,54308.05,54308.05,53719.55,54114.55
04 Sep 2025,Nifty Bank,54379.6,54450.55,53971.85,54075.45
03 Sep 2025,Nifty Bank,53630.75,54136.15,53561.75,54067.55
02 Sep 2025,Nifty Bank,54038.25,54160.95,53578,53661.00
01 Sep 2025,Nifty Bank,53658.15,54035.85,53658.15,54002.45
29 Aug 2025,Nifty Bank,53660.35,54086,53606.45,53655.65
28 Aug 2025,Nifty Bank,54256,54382.25,53768.45,53820.35
26 Aug 2025,Nifty Bank,54999.05,55068.9,54396.1,54450.45
25 Aug 2025,Nifty Bank,55147.75,55306,55048.4,55139.30
22 Aug 2025,Nifty Bank,55669.25,55745,55102.6,55149.40
21 Aug 2025,Nifty Bank,55972.05,55993.65,55708.2,55755.45
20 Aug 2025,Nifty Bank,55751.5,55812.6,55577.35,55698.50
19 Aug 2025,Nifty Bank,55622.3,55965.55,55608.15,55865.15
18 Aug 2025,Nifty Bank,55940.6,56156.3,55647.65,55734.90
14 Aug 2025,Nifty Bank,55102.55,55472.8,55074.3,55341.85
13 Aug 2025,Nifty Bank,55340.05,55340.05,55026.95,55181.45
12 Aug 2025,Nifty Bank,55441.1,55566.7,55001.5,55043.70
11 Aug 2025,Nifty Bank,54999.35,55582.15,54927.55,55510.75
08 Aug 2025,Nifty Bank,55609.35,55652.6,54905.6,55004.90
07 Aug 2025,Nifty Bank,55215.65,55614.8,54973.55,55521.15
06 Aug 2025,Nifty Bank,55329.8,55559.4,55227.7,55411.15
05 Aug 2025,Nifty Bank,55545.05,55648.15,55202.85,55360.25
04 Aug 2025,Nifty Bank,55557.5,55752.45,55437.3,55619.35
01 Aug 2025,Nifty Bank,55897.15,56097.6,55562.1,55617.60
31 Jul 2025,Nifty Bank,55728.15,56406.2,55547.35,55961.95
30 Jul 2025,Nifty Bank,56310.1,56321.15,56064.55,56150.70
29 Jul 2025,Nifty Bank,55881.8,56296.4,55843.25,56222.00
28 Jul 2025,Nifty Bank,56215.1,56578.4,55997.45,56084.90
25 Jul 2025,Nifty Bank,57170.7,57170.7,56439.4,56528.90
24 Jul 2025,Nifty Bank,57316.6,57316.6,56850.9,57066.05
23 Jul 2025,Nifty Bank,56918.15,57249,56715.8,57210.45
22 Jul 2025,Nifty Bank,57253.35,57286.15,56692,56756.00
21 Jul 2025,Nifty Bank,56558.9,56983.45,56255.7,56952.75
18 Jul 2025,Nifty Bank,56524.25,56705.15,56204.85,56283.00
17 Jul 2025,Nifty Bank,57231.95,57262.85,56780.15,56828.80
16 Jul 2025,Nifty Bank,57111.25,57276.55,56937.6,57168.95
15 Jul 2025,Nifty Bank,56709.2,57134.95,56707.8,57006.65
14 Jul 2025,Nifty Bank,56780.75,56896.3,56594.25,56765.35
11 Jul 2025,Nifty Bank,56843.45,57091.05,56607.75,56754.70
10 Jul 2025,Nifty Bank,57339.75,57363.7,56886.6,56956.00
09 Jul 2025,Nifty Bank,57199.75,57290.65,57037.9,57213.55
08 Jul 2025,Nifty Bank,56942.55,57303.3,56923.05,57256.30
07 Jul 2025,Nifty Bank,56938.7,57152.2,56838.55,56949.20
04 Jul 2025,Nifty Bank,56825.25,57075.1,56623.6,57031.90
03 Jul 2025,Nifty Bank,57050.4,57193.25,56764.1,56791.95
02 Jul 2025,Nifty Bank,57558.2,57628.4,56833.8,56999.20
01 Jul 2025,Nifty Bank,57375.8,57533.85,57150.35,57459.45
30 Jun 2025,Nifty Bank,57529.95,57614.5,57193.8,57312.75
27 Jun 2025,Nifty Bank,57234.7,57475.4,56993.85,57443.90
26 Jun 2025,Nifty Bank,56693.55,57263.45,56558.35,57206.70
25 Jun 2025,Nifty Bank,56564.5,56681.4,56420.65,56621.15
24 Jun 2025,Nifty Bank,56529.45,56862,56276.15,56461.90
23 Jun 2025,Nifty Bank,55832.35,56233.55,55779.25,56059.35
20 Jun 2025,Nifty Bank,55566.7,56328.2,55566.4,56252.85
19 Jun 2025,Nifty Bank,55784.85,55942.45,55475.45,55577.45
18 Jun 2025,Nifty Bank,55544.95,55933.6,55511.8,55828.75
17 Jun 2025,Nifty Bank,55975,56067.3,55643.95,55714.15
16 Jun 2025,Nifty Bank,55554.1,55999.85,55381.45,55944.90
13 Jun 2025,Nifty Bank,55149.3,55688,55149.3,55527.35
12 Jun 2025,Nifty Bank,56480.9,56611.05,55968.5,56082.55
11 Jun 2025,Nifty Bank,56639.85,56782.5,56399.4,56459.75
10 Jun 2025,Nifty Bank,56993.9,57015.4,56564.15,56629.10
09 Jun 2025,Nifty Bank,57049.5,57049.5,56792.7,56839.60
06 Jun 2025,Nifty Bank,55699.45,56695,55534.75,56578.40
05 Jun 2025,Nifty Bank,55806.75,56010.15,55580.45,55760.85
04 Jun 2025,Nifty Bank,55650.35,55791,55408.35,55676.85
03 Jun 2025,Nifty Bank,56104.8,56161.4,55455.8,55599.95
02 Jun 2025,Nifty Bank,55598.25,55966.3,55400.55,55903.40
30 May 2025,Nifty Bank,55615.55,55813.3,55356.6,55749.70
29 May 2025,Nifty Bank,55571.4,55782.75,55096.45,55546.05
28 May 2025,Nifty Bank,55328.6,55521.8,55235.55,55417.00
27 May 2025,Nifty Bank,55458.95,55831.35,55037.85,55352.80
26 May 2025,Nifty Bank,55534.9,55875.75,55307.5,55572.00
23 May 2025,Nifty Bank,54959.3,55441.3,54854.5,55398.25
22 May 2025,Nifty Bank,54875.9,54996.1,54576.6,54941.30
21 May 2025,Nifty Bank,55060.2,55336.85,54690.8,55075.10
20 May 2025,Nifty Bank,55445.3,55568.35,54829.45,54877.35
19 May 2025,Nifty Bank,55326.05,55695.55,55296.55,55420.70
16 May 2025,Nifty Bank,55276,55418.9,55170.25,55354.90
15 May 2025,Nifty Bank,54853.7,55490.55,54442.3,55355.60
14 May 2025,Nifty Bank,55008.55,55208.6,54491,54801.30
13 May 2025,Nifty Bank,55233.5,55499.65,54888.5,54940.85
12 May 2025,Nifty Bank,54658.75,55466.3,54558.05,55382.85
09 May 2025,Nifty Bank,53595.95,54054.8,53483.05,53595.25
08 May 2025,Nifty Bank,54801.75,54937.25,54108,54365.65
07 May 2025,Nifty Bank,54013.4,54684.3,53919.9,54610.90
06 May 2025,Nifty Bank,54918.25,55036.95,54172.95,54271.40
05 May 2025,Nifty Bank,55065.8,55345.5,54786.5,54919.50
02 May 2025,Nifty Bank,55100.95,55691.95,54994.4,55115.35
30 Apr 2025,Nifty Bank,55382.4,55478.25,54723.7,55087.15
29 Apr 2025,Nifty Bank,55524.35,55957.75,55262.4,55391.25
28 Apr 2025,Nifty Bank,54610.3,55577.4,54582.35,55432.80
25 Apr 2025,Nifty Bank,55233.55,55350.55,54176.45,54664.05
24 Apr 2025,Nifty Bank,55103.9,55550.45,55088.4,55201.40
23 Apr 2025,Nifty Bank,56097.1,56098.7,55162.5,55370.05
22 Apr 2025,Nifty Bank,55414.3,55961.2,55243.55,55647.20
21 Apr 2025,Nifty Bank,54891.25,55461.65,54674.95,55304.50
17 Apr 2025,Nifty Bank,53153.75,54407.2,53084.9,54290.20
16 Apr 2025,Nifty Bank,52690.9,53164.45,52471.35,53117.75
15 Apr 2025,Nifty Bank,52299,52486.35,51863.3,52379.50
11 Apr 2025,Nifty Bank,50634.1,51244.7,50634.1,51002.35
09 Apr 2025,Nifty Bank,50487.1,50496.9,49910.85,50240.15
08 Apr 2025,Nifty Bank,50388.55,50793.7,50030.8,50511.00
07 Apr 2025,Nifty Bank,49336.1,50426.25,49156.95,49860.10
04 Apr 2025,Nifty Bank,51711.6,51893.6,51360.4,51502.70
03 Apr 2025,Nifty Bank,50910,51661.6,50906.65,51597.35
02 Apr 2025,Nifty Bank,50966.9,51404.2,50908.35,51348.05
01 Apr 2025,Nifty Bank,51178.15,51683.85,50742,50827.50
28 Mar 2025,Nifty Bank,51608.4,51839.1,51335.35,51564.85
27 Mar 2025,Nifty Bank,51084.7,51714.35,51050.85,51575.85
26 Mar 2025,Nifty Bank,51640.05,51875.8,51069.15,51209.00
25 Mar 2025,Nifty Bank,51874.2,52063.95,51429.6,51607.95
24 Mar 2025,Nifty Bank,50982.7,51801.15,50795.9,51704.95
21 Mar 2025,Nifty Bank,49927.1,50672.15,49891.95,50593.55
20 Mar 2025,Nifty Bank,49947.6,50155.3,49771.65,50062.85
19 Mar 2025,Nifty Bank,49375.4,49807.55,49324.8,49702.60
18 Mar 2025,Nifty Bank,48792.9,49400.3,48629.45,49314.50
17 Mar 2025,Nifty Bank,48219.55,48481.35,48196.1,48354.15
13 Mar 2025,Nifty Bank,48219.15,48352.45,48006.1,48060.40
12 Mar 2025,Nifty Bank,47894.4,48222.15,47844.95,48056.65
11 Mar 2025,Nifty Bank,47874.8,48029.05,47702.9,47853.95
10 Mar 2025,Nifty Bank,48312,48599.15,48124.65,48216.80
07 Mar 2025,Nifty Bank,48463.8,48709.05,48359.35,48497.50
06 Mar 2025,Nifty Bank,48760,48839.1,48299.4,48627.70
05 Mar 2025,Nifty Bank,48241.3,48657.65,48190.25,48489.95
04 Mar 2025,Nifty Bank,47942.5,48374.9,47924.75,48245.20
03 Mar 2025,Nifty Bank,48478.6,48574.7,47841.3,48114.30
28 Feb 2025,Nifty Bank,48437.55,48574.5,48078.7,48344.70
27 Feb 2025,Nifty Bank,48732.2,48972.55,48627.1,48743.80
25 Feb 2025,Nifty Bank,48691.2,48862.15,48534.15,48608.35
24 Feb 2025,Nifty Bank,48619.8,48748.4,48281.9,48651.95
21 Feb 2025,Nifty Bank,49127.95,49306.55,48764,48981.20
20 Feb 2025,Nifty Bank,49314.1,49455.8,49150.95,49334.55
19 Feb 2025,Nifty Bank,48895.35,49628.25,48804,49570.10
18 Feb 2025,Nifty Bank,49211.85,49328.55,48814.95,49087.30
17 Feb 2025,Nifty Bank,48880.4,49319,48525.6,49258.90
14 Feb 2025,Nifty Bank,49485.65,49592.95,48719.75,49099.45
13 Feb 2025,Nifty Bank,49469.35,49836.1,49276.1,49359.85
12 Feb 2025,Nifty Bank,49402.25,49702.35,48734.35,49479.45
11 Feb 2025,Nifty Bank,49812.15,49906.75,49177.4,49403.40
10 Feb 2025,Nifty Bank,50052.5,50155.65,49703.1,49981.00
07 Feb 2025,Nifty Bank,50484.45,50641.75,49871.15,50158.85
06 Feb 2025,Nifty Bank,50468.35,50553.35,50149.8,50382.10
05 Feb 2025,Nifty Bank,50402.3,50522.15,50215.45,50343.05
04 Feb 2025,Nifty Bank,49538.8,50206.6,49482.5,50157.95
03 Feb 2025,Nifty Bank,49074.8,49373.45,48906.05,49210.55
01 Feb 2025,Nifty Bank,49592.55,50009.5,48925.45,49506.95
31 Jan 2025,Nifty Bank,49259.65,49674.8,49031.8,49587.20
30 Jan 2025,Nifty Bank,49206.2,49426.2,49031.8,49311.95
29 Jan 2025,Nifty Bank,48997.2,49199.65,48849.8,49165.95
28 Jan 2025,Nifty Bank,48642.5,49247.15,48449.05,48866.85
27 Jan 2025,Nifty Bank,47881.65,48319.2,47844.15,48064.65
24 Jan 2025,Nifty Bank,48546.05,48858.65,48203,48367.80
23 Jan 2025,Nifty Bank,48770.15,48892.7,48493,48589.00
22 Jan 2025,Nifty Bank,48689.55,48781.75,48074.05,48724.40
21 Jan 2025,Nifty Bank,49532,49543.15,48430.95,48570.90
20 Jan 2025,Nifty Bank,48834.15,49650.6,48683.6,49350.80
17 Jan 2025,Nifty Bank,48959.5,49047.2,48309.5,48540.60
16 Jan 2025,Nifty Bank,49082.9,49459,49038.45,49278.70
15 Jan 2025,Nifty Bank,48832.75,49083.65,48522.4,48751.70
14 Jan 2025,Nifty Bank,48266.9,49007.35,48235.2,48729.15
13 Jan 2025,Nifty Bank,48264.25,48606.35,47898.35,48041.25
10 Jan 2025,Nifty Bank,49426.5,49483.15,48631.2,48734.15
09 Jan 2025,Nifty Bank,49712.55,49798.1,49230.15,49503.50
08 Jan 2025,Nifty Bank,50201.75,50246.9,49389.75,49835.05
07 Jan 2025,Nifty Bank,50061.2,50447.6,49969.3,50202.15
06 Jan 2025,Nifty Bank,50990.65,51026.1,49751,49922.00
03 Jan 2025,Nifty Bank,51567.15,51671.6,50904.35,50988.80
02 Jan 2025,Nifty Bank,51084.95,51672.75,50992.8,51605.55
01 Jan 2025,Nifty Bank,50841.9,51321.95,50485.05,51060.60
31 Dec 2024,Nifty Bank,50648.2,50945.55,50599.8,50860.20
30 Dec 2024,Nifty Bank,51255.35,51979.75,50718.35,50952.75
27 Dec 2024,Nifty Bank,51268.2,51628.45,51240.1,51311.30
26 Dec 2024,Nifty Bank,51395.8,51740,50951.8,51170.70
24 Dec 2024,Nifty Bank,51314.95,51382.1,51137.5,51233.00
23 Dec 2024,Nifty Bank,51044.4,51417.35,51030.4,51317.60
20 Dec 2024,Nifty Bank,51401.35,51629,50609.35,50759.20
19 Dec 2024,Nifty Bank,51428.45,51789.85,51263.75,51575.70
18 Dec 2024,Nifty Bank,52696.95,52827.6,52010.65,52139.55
17 Dec 2024,Nifty Bank,53394.1,53515.7,52709.4,52834.80
16 Dec 2024,Nifty Bank,53502.5,53738.9,53335,53581.35
13 Dec 2024,Nifty Bank,53109.8,53654,52264.55,53583.80
12 Dec 2024,Nifty Bank,53201,53537.45,53174.4,53216.45
11 Dec 2024,Nifty Bank,53459.3,53648.05,53302.15,53391.35
10 Dec 2024,Nifty Bank,53450.05,53624.05,53302.65,53577.70
09 Dec 2024,Nifty Bank,53380.75,53775.1,53326.4,53407.75
06 Dec 2024,Nifty Bank,53634.2,53868.5,53160.65,53509.50
05 Dec 2024,Nifty Bank,53354.45,53888.3,52850.35,53603.55
04 Dec 2024,Nifty Bank,52775,53387.1,52685.15,53266.90
03 Dec 2024,Nifty Bank,52357.95,52780.9,52216.85,52695.75
02 Dec 2024,Nifty Bank,52087.65,52197.25,51693.95,52109.00
29 Nov 2024,Nifty Bank,51984.15,52170.9,51759.45,52055.60
28 Nov 2024,Nifty Bank,52389.95,52760.2,51782.9,51906.85
27 Nov 2024,Nifty Bank,52154.3,52444.35,52019.65,52301.80
26 Nov 2024,Nifty Bank,52554.9,52555.5,51999.75,52191.50
25 Nov 2024,Nifty Bank,52046.35,52331.1,51774.05,52207.50
22 Nov 2024,Nifty Bank,50512.8,51271.5,50508.25,51135.40
21 Nov 2024,Nifty Bank,50625,50652.15,49787.1,50372.90
19 Nov 2024,Nifty Bank,50580.55,50983.5,50440.85,50626.50
18 Nov 2024,Nifty Bank,50312.45,50445.8,50074,50363.80
14 Nov 2024,Nifty Bank,50053.45,50561.8,49939.35,50179.55
13 Nov 2024,Nifty Bank,51030.95,51353.5,49904.4,50088.35
12 Nov 2024,Nifty Bank,52053.75,52169.05,51006.85,51157.80
11 Nov 2024,Nifty Bank,51562.7,52177.7,51294.2,51876.75
08 Nov 2024,Nifty Bank,51869.15,52007.15,51494,51561.20
07 Nov 2024,Nifty Bank,52258.95,52377.25,51752.25,51916.50
06 Nov 2024,Nifty Bank,52440.4,52493.95,52185.4,52317.40
05 Nov 2024,Nifty Bank,51052.6,52289.55,50865.45,52207.25
04 Nov 2024,Nifty Bank,51764.5,51764.5,51066.8,51215.25
01 Nov 2024,Nifty Bank,51550.15,51825.5,51459.4,51673.90
31 Oct 2024,Nifty Bank,51649.45,52005.6,51318.1,51475.35
30 Oct 2024,Nifty Bank,51988.7,52220,51733,51807.50
29 Oct 2024,Nifty Bank,51404.1,52354.85,51278.9,52320.70
28 Oct 2024,Nifty Bank,51061.35,51589.15,51012.55,51259.30
25 Oct 2024,Nifty Bank,51369.75,51501.05,50382.1,50787.45
24 Oct 2024,Nifty Bank,51272.3,51781.55,51201.85,51531.15
23 Oct 2024,Nifty Bank,51117.8,51551.55,51107.9,51239.00
22 Oct 2024,Nifty Bank,52071.35,52257.3,51179.6,51257.15
21 Oct 2024,Nifty Bank,52361.1,52577.5,51855.15,51962.70
18 Oct 2024,Nifty Bank,51261,52199.45,51000.9,52094.20
17 Oct 2024,Nifty Bank,51849.3,51930.2,51150.25,51288.80
16 Oct 2024,Nifty Bank,51711.2,52031.6,51711.2,51801.05
15 Oct 2024,Nifty Bank,51975.95,52022.05,51698.75,51906.00
14 Oct 2024,Nifty Bank,51263.25,51893,51220.85,51816.90
11 Oct 2024,Nifty Bank,51491.9,51560,51005.85,51172.30
10 Oct 2024,Nifty Bank,51195.7,51659.45,51047,51530.90
09 Oct 2024,Nifty Bank,51161.75,51707.15,50903.75,51007.00
08 Oct 2024,Nifty Bank,50736.1,51176.05,50466,51021.00
07 Oct 2024,Nifty Bank,51543.2,51784.8,50194.3,50478.90
04 Oct 2024,Nifty Bank,51643.75,52358.35,51347.25,51462.05
03 Oct 2024,Nifty Bank,52314.45,52582.95,51683.4,51845.20
01 Oct 2024,Nifty Bank,52844,53235.25,52817.8,52922.60
30 Sep 2024,Nifty Bank,53556.95,53726.4,52926.55,52978.10
27 Sep 2024,Nifty Bank,54338.7,54338.7,53763.2,53834.30
26 Sep 2024,Nifty Bank,54045.85,54467.35,54010.9,54375.35
25 Sep 2024,Nifty Bank,53794,54141.3,53792.85,54101.65
24 Sep 2024,Nifty Bank,54110.65,54247.7,53904.65,53968.60
23 Sep 2024,Nifty Bank,53917.9,54197.95,53741.4,54105.80
20 Sep 2024,Nifty Bank,53235.8,54066.1,53037.6,53793.20
19 Sep 2024,Nifty Bank,52929.25,53353.3,52847.9,53037.60
18 Sep 2024,Nifty Bank,52177.1,52954.2,52154.55,52750.40
17 Sep 2024,Nifty Bank,52249.05,52284.6,52085.5,52188.65
16 Sep 2024,Nifty Bank,52038.7,52208.7,51921.45,52153.15
13 Sep 2024,Nifty Bank,51952.55,51994.1,51643.95,51938.05
12 Sep 2024,Nifty Bank,51271,51878.1,51025,51772.40
11 Sep 2024,Nifty Bank,51218.55,51420.15,50947.7,51010.00
10 Sep 2024,Nifty Bank,51328.3,51366,50958.25,51272.30
09 Sep 2024,Nifty Bank,50549.25,51192.75,50369.4,51117.80
06 Sep 2024,Nifty Bank,51200.4,51380.05,50447.3,50576.85
05 Sep 2024,Nifty Bank,51544.25,51636.75,51389.15,51473.05
04 Sep 2024,Nifty Bank,51364.65,51503.55,51259.9,51400.25
03 Sep 2024,Nifty Bank,51479.75,51750.1,51240.05,51689.10
02 Sep 2024,Nifty Bank,51579.5,51579.5,51295.8,51439.55
30 Aug 2024,Nifty Bank,51437.45,51466.55,51256,51351.00
29 Aug 2024,Nifty Bank,51103.75,51368.95,50984.4,51152.75
28 Aug 2024,Nifty Bank,51208.95,51260.75,51033.7,51143.85
27 Aug 2024,Nifty Bank,51214.05,51404.7,50938.1,51278.75
26 Aug 2024,Nifty Bank,51100.65,51317.85,51061.55,51148.10
23 Aug 2024,Nifty Bank,51040.05,51117.85,50856.7,50933.45
22 Aug 2024,Nifty Bank,50894.8,51080,50794.45,50985.70
21 Aug 2024,Nifty Bank,50666.65,50772.45,50333.35,50685.55
20 Aug 2024,Nifty Bank,50417.25,51025.6,50398.6,50803.15
19 Aug 2024,Nifty Bank,50683.55,50728.25,50283.55,50368.35
16 Aug 2024,Nifty Bank,50133,50603.4,49806.05,50516.90
14 Aug 2024,Nifty Bank,49887.15,49959.25,49654.65,49727.30
13 Aug 2024,Nifty Bank,50395.35,50559.25,49785.1,49831.85
12 Aug 2024,Nifty Bank,50412.6,50830.7,50149.25,50577.95
09 Aug 2024,Nifty Bank,50612.1,50707.75,50386.45,50484.50
08 Aug 2024,Nifty Bank,50051.9,50440.75,49829.6,50156.70
07 Aug 2024,Nifty Bank,50286.2,50292.45,49782.2,50119.00
06 Aug 2024,Nifty Bank,50436.9,50688.8,49659.05,49748.30
05 Aug 2024,Nifty Bank,50586.25,50747.55,49719.1,50092.10
02 Aug 2024,Nifty Bank,51172.25,51608.7,51087.85,51350.15
01 Aug 2024,Nifty Bank,51672.6,51877.15,51456.2,51564.00
31 Jul 2024,Nifty Bank,51583.45,51663.1,51335.7,51553.40
30 Jul 2024,Nifty Bank,51383.9,51957.75,51260.05,51499.30
29 Jul 2024,Nifty Bank,51546.65,52340.25,51186.95,51406.25
26 Jul 2024,Nifty Bank,50456.1,51398.6,50438.3,51295.95
25 Jul 2024,Nifty Bank,50762.3,51006.1,50559.9,50888.75
24 Jul 2024,Nifty Bank,51657.65,51944.65,50784.25,51317.00
23 Jul 2024,Nifty Bank,52511,52547.55,51342.65,51778.30
22 Jul 2024,Nifty Bank,52145.6,52427,51874.55,52280.40
19 Jul 2024,Nifty Bank,52531.55,52586.75,52146.3,52265.60
18 Jul 2024,Nifty Bank,52215.05,52782.75,52168.65,52620.70
16 Jul 2024,Nifty Bank,52466.7,52619.05,52331.6,52396.80
15 Jul 2024,Nifty Bank,52330.05,52662.25,52154,52455.90
12 Jul 2024,Nifty Bank,52272.65,52794.55,52171.15,52278.90
11 Jul 2024,Nifty Bank,52316.9,52400.3,51749.45,52270.65
10 Jul 2024,Nifty Bank,52528.8,52528.8,52075.4,52189.30
09 Jul 2024,Nifty Bank,52390.5,52626.6,52292.95,52568.80
08 Jul 2024,Nifty Bank,52533.1,52710.8,52246.7,52425.80
05 Jul 2024,Nifty Bank,52560.1,52817.85,52290.05,52660.35
04 Jul 2024,Nifty Bank,53357.7,53357.7,52815.9,53103.70
03 Jul 2024,Nifty Bank,52872.3,53256.7,52482.65,53089.25
02 Jul 2024,Nifty Bank,52793.75,52828.45,51996.65,52168.10
01 Jul 2024,Nifty Bank,52351.15,52656.15,52166.05,52574.75
28 Jun 2024,Nifty Bank,52874.95,53030.3,52242.3,52342.25
27 Jun 2024,Nifty Bank,52980.3,53180.75,52639,52811.30
26 Jun 2024,Nifty Bank,52653.2,52988.3,52373.7,52870.50
25 Jun 2024,Nifty Bank,51759.45,52746.5,51747.65,52606.00
24 Jun 2024,Nifty Bank,51280.25,51783.95,51138.9,51703.95
21 Jun 2024,Nifty Bank,51927.3,51934.35,51224.95,51661.45
20 Jun 2024,Nifty Bank,51712.9,51842.2,51281.5,51783.25
19 Jun 2024,Nifty Bank,50607.9,51957,50441.75,51398.05
18 Jun 2024,Nifty Bank,50194.35,50562.15,49900.2,50440.90
14 Jun 2024,Nifty Bank,49993.95,50102.6,49693.35,50002.00
13 Jun 2024,Nifty Bank,50179,50186.45,49799.65,49846.70
12 Jun 2024,Nifty Bank,49857.45,50233.4,49697.35,49895.10
11 Jun 2024,Nifty Bank,49751.2,49970.3,49530.45,49705.75
10 Jun 2024,Nifty Bank,49808.15,50252.95,49622.75,49780.90
07 Jun 2024,Nifty Bank,49316.95,49943.2,49080.45,49803.20
06 Jun 2024,Nifty Bank,49426.4,49672.75,48906.75,49291.90
05 Jun 2024,Nifty Bank,47486.6,49362.9,46446.8,49054.60
04 Jun 2024,Nifty Bank,50667.05,50667.05,46077.85,46928.60
03 Jun 2024,Nifty Bank,50889.85,51133.2,50092.65,50979.95
31 May 2024,Nifty Bank,48895.15,49122.55,48569.05,48983.95
30 May 2024,Nifty Bank,48313.6,49044.6,48313.6,48682.35
29 May 2024,Nifty Bank,48786.7,49022.6,48401.55,48501.35
28 May 2024,Nifty Bank,49390.9,49511.15,49043.65,49142.15
27 May 2024,Nifty Bank,49105.9,49688.85,49051.25,49281.80
24 May 2024,Nifty Bank,48668,49052.95,48644.8,48971.65
23 May 2024,Nifty Bank,47899.35,48829.7,47873.15,48768.60
22 May 2024,Nifty Bank,48113.9,48114.05,47435.25,47781.95
21 May 2024,Nifty Bank,47927.1,48259.75,47927.1,48048.20
18 May 2024,Nifty Bank,48197.3,48222.35,48108.15,48199.50
17 May 2024,Nifty Bank,47842.95,48188.65,47758.8,48115.65
16 May 2024,Nifty Bank,47945.85,48052.9,47340.35,47977.05
15 May 2024,Nifty Bank,47923.1,47957.2,47534.5,47687.45
14 May 2024,Nifty Bank,47748.85,47937.25,47607.85,47859.45
13 May 2024,Nifty Bank,47389.8,47841.6,46983.25,47754.10
10 May 2024,Nifty Bank,47555.5,47868.7,47313.35,47421.10
09 May 2024,Nifty Bank,47976.35,48258.65,47440.65,47487.90
08 May 2024,Nifty Bank,48124.2,48223.05,47851.15,48021.10
07 May 2024,Nifty Bank,48965.05,49023.5,48213.75,48285.35
06 May 2024,Nifty Bank,49174.55,49252.65,48784,48895.30
03 May 2024,Nifty Bank,49375.05,49607.75,48659.7,48923.55
02 May 2024,Nifty Bank,49262,49529.35,49123.6,49231.05
30 Apr 2024,Nifty Bank,49477.1,49974.75,49249.9,49396.75
29 Apr 2024,Nifty Bank,48359.9,49473.6,48342.7,49424.05
26 Apr 2024,Nifty Bank,48660,48679.65,48088.25,48201.05
25 Apr 2024,Nifty Bank,47772.65,48625.45,47737.2,48494.95
24 Apr 2024,Nifty Bank,48120.9,48246.2,48028.7,48189.00
23 Apr 2024,Nifty Bank,48299.6,48302.7,47899.3,47970.45
22 Apr 2024,Nifty Bank,48145.7,48146.3,47628.45,47924.90
19 Apr 2024,Nifty Bank,46744.95,47668.7,46579.05,47574.15
18 Apr 2024,Nifty Bank,47592.7,47829.75,46982.15,47069.45
16 Apr 2024,Nifty Bank,47436.7,47609,47316.55,47484.80
15 Apr 2024,Nifty Bank,48057.5,48255.5,47725.8,47773.25
12 Apr 2024,Nifty Bank,48671.2,48882.65,48477.55,48564.55
10 Apr 2024,Nifty Bank,48879.55,49057.40,48669.25,48986.60
09 Apr 2024,Nifty Bank,48810.80,48960.75,48568.25,48730.55
08 Apr 2024,Nifty Bank,48586.75,48716.95,48424.65,48581.70
05 Apr 2024,Nifty Bank,48104.65,48557.40,47894.50,48493.05
04 Apr 2024,Nifty Bank,48086.20,48254.65,47712.70,48060.80
03 Apr 2024,Nifty Bank,47350.25,47676.95,47279.80,47624.25
02 Apr 2024,Nifty Bank,47490.75,47707.35,47408.55,47545.45
01 Apr 2024,Nifty Bank,47391.05,47646.80,47373.10,47578.25
28 Mar 2024,Nifty Bank,46827.85,47440.45,46827.85,47124.60
27 Mar 2024,Nifty Bank,46643.45,46956.10,46643.45,46785.95
26 Mar 2024,Nifty Bank,46552.95,46788.35,46529.05,46600.20
22 Mar 2024,Nifty Bank,46634.90,46974.15,46566.80,46863.75
21 Mar 2024,Nifty Bank,46674.85,46990.25,46570.15,46684.90
20 Mar 2024,Nifty Bank,46392.90,46655.55,45828.80,46310.90
19 Mar 2024,Nifty Bank,46421.90,46602.35,46258.75,46384.80
18 Mar 2024,Nifty Bank,46458.75,46739.25,46022.15,46575.90
15 Mar 2024,Nifty Bank,46572.10,46802.55,46310.50,46594.10
14 Mar 2024,Nifty Bank,46825.75,47231.50,46565.55,46789.95
13 Mar 2024,Nifty Bank,47341.15,47468.70,46842.15,46981.30
12 Mar 2024,Nifty Bank,47351.35,47812.75,46884.45,47282.40
11 Mar 2024,Nifty Bank,47792.20,47853.80,47230.65,47327.85
07 Mar 2024,Nifty Bank,48035.80,48071.70,47747.20,47835.80
06 Mar 2024,Nifty Bank,47451.65,48161.25,47442.25,47965.40
05 Mar 2024,Nifty Bank,47265.70,47737.85,47196.75,47581.00
04 Mar 2024,Nifty Bank,47318.50,47529.60,47191.65,47456.10
02 Mar 2024,Nifty Bank,47377.45,47433.85,47237.00,47297.50
01 Mar 2024,Nifty Bank,46218.00,47342.25,46218.00,47286.90
29 Feb 2024,Nifty Bank,45881.45,46329.65,45661.75,46120.90
28 Feb 2024,Nifty Bank,46640.90,46754.55,45852.55,45963.15
27 Feb 2024,Nifty Bank,46480.20,46722.25,46324.90,46588.05
26 Feb 2024,Nifty Bank,46615.85,46893.15,46513.55,46576.50
23 Feb 2024,Nifty Bank,47060.70,47245.35,46723.15,46811.75
22 Feb 2024,Nifty Bank,46934.55,47024.05,46426.85,46919.80
21 Feb 2024,Nifty Bank,47363.40,47363.40,46886.95,47019.70
20 Feb 2024,Nifty Bank,46444.90,47136.75,46367.80,47094.20
19 Feb 2024,Nifty Bank,46554.90,46717.40,46317.70,46535.50
16 Feb 2024,Nifty Bank,46454.30,46693.40,46264.40,46384.85
15 Feb 2024,Nifty Bank,46027.10,46297.70,45590.20,46218.90
14 Feb 2024,Nifty Bank,45014.65,46170.45,44860.75,45908.30
13 Feb 2024,Nifty Bank,45056.80,45750.40,44819.55,45502.40
12 Feb 2024,Nifty Bank,45664.30,45748.50,44633.85,44882.25
09 Feb 2024,Nifty Bank,44986.75,45718.15,44859.15,45634.55
08 Feb 2024,Nifty Bank,45973.85,46181.20,44893.75,45012.00
07 Feb 2024,Nifty Bank,45944.60,46062.85,45620.50,45818.50
06 Feb 2024,Nifty Bank,45891.20,45932.15,45527.00,45690.80
05 Feb 2024,Nifty Bank,45962.25,46048.60,45615.10,45825.55
02 Feb 2024,Nifty Bank,46568.20,46892.35,45901.25,45970.95
01 Feb 2024,Nifty Bank,46164.90,46306.90,45668.35,46188.65
31 Jan 2024,Nifty Bank,45295.65,46179.75,45071.20,45996.80
30 Jan 2024,Nifty Bank,45481.50,45678.70,45206.05,45367.75
29 Jan 2024,Nifty Bank,45171.50,45660.35,45110.90,45442.35
25 Jan 2024,Nifty Bank,45057.95,45139.05,44429.00,44866.15
24 Jan 2024,Nifty Bank,44489.40,45485.50,44489.40,45082.40
23 Jan 2024,Nifty Bank,46495.45,46580.30,44886.10,45015.05
20 Jan 2024,Nifty Bank,45989.25,46183.70,45640.90,46058.20
19 Jan 2024,Nifty Bank,46103.50,46249.85,45558.05,45701.15
18 Jan 2024,Nifty Bank,45492.75,46184.05,45430.70,45713.55
17 Jan 2024,Nifty Bank,46573.95,47212.75,45979.60,46064.45
16 Jan 2024,Nifty Bank,48109.95,48305.40,48002.85,48125.10
15 Jan 2024,Nifty Bank,47891.05,48248.05,47825.40,48158.30
12 Jan 2024,Nifty Bank,47572.70,47873.70,47408.50,47709.80
11 Jan 2024,Nifty Bank,47538.60,47662.10,47237.00,47438.35
10 Jan 2024,Nifty Bank,47073.85,47423.45,47010.80,47360.85
09 Jan 2024,Nifty Bank,47705.40,47939.30,47156.05,47242.65
08 Jan 2024,Nifty Bank,48096.65,48154.50,47387.35,47450.25
05 Jan 2024,Nifty Bank,48245.55,48381.95,47822.85,48159.00
04 Jan 2024,Nifty Bank,47805.40,48281.20,47738.15,48195.85
03 Jan 2024,Nifty Bank,47796.30,47798.75,47481.35,47704.95
02 Jan 2024,Nifty Bank,48194.80,48223.55,47689.80,47761.65
01 Jan 2024,Nifty Bank,48203.45,48450.00,48044.15,48234.30
29 Dec 2023,Nifty Bank,48374.85,48477.70,48091.85,48292.25
28 Dec 2023,Nifty Bank,48479.05,48636.45,48343.15,48508.55
27 Dec 2023,Nifty Bank,47818.50,48347.65,47806.70,48282.20
26 Dec 2023,Nifty Bank,47576.40,47838.45,47411.65,47724.85
22 Dec 2023,Nifty Bank,47837.75,48071.40,47415.85,47491.85
21 Dec 2023,Nifty Bank,47172.45,47932.40,46919.70,47840.15
20 Dec 2023,Nifty Bank,48085.35,48166.15,47202.65,47445.30
19 Dec 2023,Nifty Bank,47940.40,48017.00,47646.05,47870.90
18 Dec 2023,Nifty Bank,48068.50,48076.60,47806.70,47867.70
15 Dec 2023,Nifty Bank,47939.90,48219.95,47632.85,48143.55
14 Dec 2023,Nifty Bank,47567.65,47943.60,47510.85,47732.30
13 Dec 2023,Nifty Bank,47190.75,47201.95,46886.90,47092.25
12 Dec 2023,Nifty Bank,47421.70,47454.00,47004.05,47097.55
11 Dec 2023,Nifty Bank,47233.30,47588.00,47186.60,47314.25
08 Dec 2023,Nifty Bank,46797.20,47303.65,46793.90,47262.00
07 Dec 2023,Nifty Bank,46735.40,46927.70,46507.15,46841.40
06 Dec 2023,Nifty Bank,47256.75,47259.85,46750.20,46834.55
05 Dec 2023,Nifty Bank,46895.90,47230.55,46653.65,47012.25
04 Dec 2023,Nifty Bank,45671.50,46484.45,45484.20,46431.40
01 Dec 2023,Nifty Bank,44580.15,44951.10,44531.75,44814.20
30 Nov 2023,Nifty Bank,44711.20,44764.80,44254.60,44481.75
29 Nov 2023,Nifty Bank,44081.75,44630.35,44003.45,44566.45
28 Nov 2023,Nifty Bank,43851.55,43960.30,43739.80,43880.95
24 Nov 2023,Nifty Bank,43607.35,43806.50,43566.15,43769.10
23 Nov 2023,Nifty Bank,43452.75,43649.65,43451.35,43577.50
22 Nov 2023,Nifty Bank,43663.60,43692.50,43230.95,43449.60
21 Nov 2023,Nifty Bank,43790.95,43790.95,43586.45,43689.15
20 Nov 2023,Nifty Bank,43591.50,43724.00,43450.05,43584.95
17 Nov 2023,Nifty Bank,43656.25,43872.85,43513.85,43583.95
16 Nov 2023,Nifty Bank,44251.70,44420.95,44064.15,44161.55
15 Nov 2023,Nifty Bank,44398.45,44408.55,44164.55,44201.70
13 Nov 2023,Nifty Bank,43915.10,43970.75,43681.40,43891.25
12 Nov 2023,Nifty Bank,44054.50,44056.00,43916.60,43996.65
10 Nov 2023,Nifty Bank,43543.25,43908.70,43504.95,43820.10
09 Nov 2023,Nifty Bank,43626.10,43876.75,43542.65,43683.60
08 Nov 2023,Nifty Bank,43791.80,43797.55,43547.75,43658.65
07 Nov 2023,Nifty Bank,43598.85,43799.35,43283.85,43737.90
06 Nov 2023,Nifty Bank,43627.75,43648.70,43415.20,43619.40
03 Nov 2023,Nifty Bank,43318.30,43416.10,43221.00,43318.25
02 Nov 2023,Nifty Bank,43018.70,43271.50,42796.45,43017.20
01 Nov 2023,Nifty Bank,42694.25,42815.15,42589.65,42700.95
31 Oct 2023,Nifty Bank,43356.85,43356.85,42797.15,42845.95
30 Oct 2023,Nifty Bank,42721.40,43112.50,42390.50,43039.15
27 Oct 2023,Nifty Bank,42555.60,42840.15,42482.75,42782.00
26 Oct 2023,Nifty Bank,42708.40,42716.20,42105.40,42280.15
25 Oct 2023,Nifty Bank,43308.30,43397.45,42758.40,42832.00
23 Oct 2023,Nifty Bank,43822.70,43831.30,43029.45,43151.20
20 Oct 2023,Nifty Bank,43584.25,43877.50,43567.45,43723.05
19 Oct 2023,Nifty Bank,43616.75,44058.80,43558.10,43754.50
18 Oct 2023,Nifty Bank,44404.20,44412.50,43861.45,43888.70
17 Oct 2023,Nifty Bank,44589.80,44589.85,44336.95,44409.50
16 Oct 2023,Nifty Bank,44204.75,44356.95,44044.40,44225.90
13 Oct 2023,Nifty Bank,44322.05,44563.05,44203.70,44287.95
12 Oct 2023,Nifty Bank,44571.55,44693.05,44530.05,44599.20
11 Oct 2023,Nifty Bank,44554.90,44710.55,44411.40,44516.90
10 Oct 2023,Nifty Bank,44027.55,44487.25,44004.55,44360.15
09 Oct 2023,Nifty Bank,44057.80,44113.20,43796.75,43886.50
06 Oct 2023,Nifty Bank,44395.40,44500.70,44242.95,44360.60
05 Oct 2023,Nifty Bank,44181.35,44391.85,44108.30,44213.35
04 Oct 2023,Nifty Bank,44108.15,44161.35,43857.50,43964.05
03 Oct 2023,Nifty Bank,44561.50,44566.30,44243.10,44399.05
29 Sep 2023,Nifty Bank,44445.35,44755.05,44344.90,44584.55
28 Sep 2023,Nifty Bank,44700.35,44756.80,44248.20,44300.95
27 Sep 2023,Nifty Bank,44465.90,44668.00,44182.50,44588.30
26 Sep 2023,Nifty Bank,44722.50,44773.80,44532.45,44624.20
25 Sep 2023,Nifty Bank,44615.00,44936.55,44400.90,44766.10
22 Sep 2023,Nifty Bank,44707.35,44996.75,44548.90,44612.05
21 Sep 2023,Nifty Bank,45179.60,45276.80,44592.45,44623.85
20 Sep 2023,Nifty Bank,45493.70,45745.15,45276.40,45384.60
18 Sep 2023,Nifty Bank,46100.95,46252.95,45906.90,45979.85
15 Sep 2023,Nifty Bank,46122.15,46310.40,46028.75,46231.50
14 Sep 2023,Nifty Bank,46013.30,46153.90,45801.50,46000.85
13 Sep 2023,Nifty Bank,45449.35,45990.50,45299.40,45909.45
12 Sep 2023,Nifty Bank,45893.80,45893.80,45322.55,45511.35
11 Sep 2023,Nifty Bank,45340.80,45636.20,45231.30,45570.70
08 Sep 2023,Nifty Bank,44953.65,45383.35,44812.15,45156.40
07 Sep 2023,Nifty Bank,44418.05,44915.55,44341.20,44878.35
06 Sep 2023,Nifty Bank,44494.65,44577.00,44207.25,44409.10
05 Sep 2023,Nifty Bank,44625.05,44668.70,44401.70,44532.15
04 Sep 2023,Nifty Bank,44647.65,44656.05,44310.95,44578.30
01 Sep 2023,Nifty Bank,43996.10,44568.55,43830.75,44436.10
31 Aug 2023,Nifty Bank,44265.85,44399.65,43895.05,43989.15
30 Aug 2023,Nifty Bank,44706.55,44779.65,44149.80,44232.60
29 Aug 2023,Nifty Bank,44655.75,44673.00,44429.80,44495.25
28 Aug 2023,Nifty Bank,44253.65,44610.40,44201.45,44494.65
25 Aug 2023,Nifty Bank,44276.20,44359.10,43983.75,44231.45
24 Aug 2023,Nifty Bank,44704.20,44949.90,44433.75,44496.20
23 Aug 2023,Nifty Bank,44064.50,44521.65,43952.05,44479.05
22 Aug 2023,Nifty Bank,44125.00,44151.30,43938.70,43993.25
21 Aug 2023,Nifty Bank,43952.85,44113.80,43862.00,44002.00
18 Aug 2023,Nifty Bank,43724.75,43957.65,43672.45,43851.05
17 Aug 2023,Nifty Bank,43897.25,44071.85,43745.10,43891.35
16 Aug 2023,Nifty Bank,43726.25,44002.80,43600.35,43946.40
14 Aug 2023,Nifty Bank,44066.60,44212.75,43776.90,44090.95
11 Aug 2023,Nifty Bank,44568.15,44571.25,44120.90,44199.10
10 Aug 2023,Nifty Bank,44797.65,44980.35,44418.40,44541.80
09 Aug 2023,Nifty Bank,44973.45,44975.00,44533.75,44880.70
08 Aug 2023,Nifty Bank,44888.95,45096.85,44817.85,44964.45
07 Aug 2023,Nifty Bank,44993.70,45011.35,44773.85,44837.50
04 Aug 2023,Nifty Bank,44754.75,45118.05,44520.55,44879.50
03 Aug 2023,Nifty Bank,44862.85,45038.45,44279.40,44513.45
02 Aug 2023,Nifty Bank,45234.65,45404.90,44720.90,44995.70
01 Aug 2023,Nifty Bank,45740.00,45782.75,45471.05,45592.50
31 Jul 2023,Nifty Bank,45546.35,45694.90,45359.75,45651.10
28 Jul 2023,Nifty Bank,45560.90,45727.75,45238.80,45468.10
27 Jul 2023,Nifty Bank,46285.85,46310.10,45570.65,45679.30
26 Jul 2023,Nifty Bank,45935.15,46096.60,45804.70,46062.35
25 Jul 2023,Nifty Bank,46154.70,46156.10,45622.85,45845.00
24 Jul 2023,Nifty Bank,46131.90,46191.50,45858.75,45923.05
21 Jul 2023,Nifty Bank,46063.95,46369.50,45925.90,46075.20
20 Jul 2023,Nifty Bank,45689.05,46256.20,45640.95,46186.90
19 Jul 2023,Nifty Bank,45622.50,45707.40,45433.00,45669.30
18 Jul 2023,Nifty Bank,45754.80,45905.85,45281.30,45410.85
17 Jul 2023,Nifty Bank,44951.20,45556.45,44695.05,45449.75
14 Jul 2023,Nifty Bank,44860.65,44923.85,44547.80,44819.30
13 Jul 2023,Nifty Bank,45009.30,45085.15,44612.20,44665.05
12 Jul 2023,Nifty Bank,44872.60,44937.25,44562.40,44639.45
11 Jul 2023,Nifty Bank,44998.00,45139.55,44663.05,44745.05
10 Jul 2023,Nifty Bank,44958.65,45184.30,44721.90,44860.85
07 Jul 2023,Nifty Bank,45118.05,45227.25,44844.80,44925.00
06 Jul 2023,Nifty Bank,45060.55,45417.50,45042.60,45339.90
05 Jul 2023,Nifty Bank,45169.70,45418.90,45073.40,45151.80
04 Jul 2023,Nifty Bank,45310.55,45655.50,45000.25,45301.45
03 Jul 2023,Nifty Bank,44957.95,45353.20,44882.10,45158.10
30 Jun 2023,Nifty Bank,44666.00,44787.10,44447.20,44747.35
28 Jun 2023,Nifty Bank,44419.50,44508.40,44163.20,44327.80
27 Jun 2023,Nifty Bank,43804.55,44194.65,43693.15,44121.50
26 Jun 2023,Nifty Bank,43714.75,43773.10,43541.75,43641.05
23 Jun 2023,Nifty Bank,43641.60,43824.10,43519.55,43622.90
22 Jun 2023,Nifty Bank,43874.80,44042.15,43663.35,43724.85
21 Jun 2023,Nifty Bank,43894.40,43946.70,43698.95,43859.20
20 Jun 2023,Nifty Bank,43597.55,43823.95,43345.95,43766.50
19 Jun 2023,Nifty Bank,44015.30,44040.35,43501.40,43633.75
16 Jun 2023,Nifty Bank,43583.35,44083.25,43536.95,43938.15
15 Jun 2023,Nifty Bank,44054.35,44077.45,43397.50,43443.60
14 Jun 2023,Nifty Bank,44181.65,44212.35,43956.15,43988.00
13 Jun 2023,Nifty Bank,43889.70,44138.15,43889.70,44079.85
12 Jun 2023,Nifty Bank,44035.20,44124.95,43874.05,43944.20
09 Jun 2023,Nifty Bank,44045.75,44220.10,43932.60,43989.00
08 Jun 2023,Nifty Bank,44208.30,44459.25,43917.90,43995.25
07 Jun 2023,Nifty Bank,44318.70,44346.30,44143.50,44275.30
06 Jun 2023,Nifty Bank,44156.70,44236.20,44009.70,44164.55
05 Jun 2023,Nifty Bank,44103.25,44266.15,44074.20,44101.65
02 Jun 2023,Nifty Bank,43997.30,44088.90,43812.55,43937.85
01 Jun 2023,Nifty Bank,44172.05,44179.95,43706.15,43790.20
31 May 2023,Nifty Bank,44318.00,44339.05,43822.70,44128.15
30 May 2023,Nifty Bank,44277.35,44498.60,44207.50,44436.35
29 May 2023,Nifty Bank,44276.80,44483.35,44193.95,44311.90
26 May 2023,Nifty Bank,43765.35,44067.60,43588.80,44018.00
25 May 2023,Nifty Bank,43630.25,43719.85,43390.30,43681.40
24 May 2023,Nifty Bank,43751.95,44010.45,43639.80,43677.85
23 May 2023,Nifty Bank,43978.90,44095.25,43852.20,43954.45
22 May 2023,Nifty Bank,43935.30,44026.75,43684.90,43885.10
19 May 2023,Nifty Bank,43930.00,44020.90,43531.90,43969.40
18 May 2023,Nifty Bank,44006.90,44079.20,43673.70,43752.30
17 May 2023,Nifty Bank,43948.50,43992.75,43446.40,43698.70
16 May 2023,Nifty Bank,44144.15,44144.15,43815.70,43903.70
15 May 2023,Nifty Bank,43821.05,44151.70,43666.60,44072.10
12 May 2023,Nifty Bank,43447.15,43905.95,43347.75,43793.55
11 May 2023,Nifty Bank,43535.10,43774.25,43367.25,43475.30
10 May 2023,Nifty Bank,43275.25,43383.65,42822.15,43331.05
09 May 2023,Nifty Bank,43438.55,43533.25,43125.85,43198.15
08 May 2023,Nifty Bank,42796.85,43418.55,42780.30,43284.00
05 May 2023,Nifty Bank,43110.65,43588.00,42582.20,42661.20
04 May 2023,Nifty Bank,43236.10,43739.80,43213.95,43685.45
03 May 2023,Nifty Bank,43154.85,43354.95,43078.15,43312.70
02 May 2023,Nifty Bank,43395.05,43483.85,43269.40,43352.10
28 Apr 2023,Nifty Bank,43045.50,43302.05,42810.35,43233.90
27 Apr 2023,Nifty Bank,42753.90,43043.40,42736.60,43000.85
26 Apr 2023,Nifty Bank,42559.05,42875.60,42432.25,42829.90
25 Apr 2023,Nifty Bank,42731.60,42865.55,42601.50,42678.50
24 Apr 2023,Nifty Bank,42469.95,42714.15,42269.10,42635.75
21 Apr 2023,Nifty Bank,42252.55,42382.15,41962.35,42118.00
20 Apr 2023,Nifty Bank,42218.50,42378.15,42108.85,42269.50
19 Apr 2023,Nifty Bank,42280.10,42339.90,42022.15,42154.00
18 Apr 2023,Nifty Bank,42406.95,42500.70,42114.35,42265.20
17 Apr 2023,Nifty Bank,42603.55,42603.55,41799.00,42262.55
13 Apr 2023,Nifty Bank,41680.10,42196.20,41502.65,42132.55
12 Apr 2023,Nifty Bank,41426.00,41610.15,41332.00,41557.95
11 Apr 2023,Nifty Bank,41232.00,41403.25,40990.20,41366.50
10 Apr 2023,Nifty Bank,41116.15,41139.85,40727.25,40834.65
06 Apr 2023,Nifty Bank,40940.70,41274.70,40820.55,41041.00
05 Apr 2023,Nifty Bank,40972.30,41071.15,40802.65,40999.15
03 Apr 2023,Nifty Bank,40695.80,40857.60,40535.90,40813.05
31 Mar 2023,Nifty Bank,40231.25,40690.40,40180.20,40608.65
29 Mar 2023,Nifty Bank,39611.55,40055.00,39609.55,39910.15
28 Mar 2023,Nifty Bank,39545.05,39645.20,39326.10,39567.90
27 Mar 2023,Nifty Bank,39484.70,39695.20,39273.75,39431.30
24 Mar 2023,Nifty Bank,39555.25,39767.90,39294.90,39395.35
23 Mar 2023,Nifty Bank,39836.15,40201.60,39552.50,39616.90
22 Mar 2023,Nifty Bank,40036.00,40085.60,39837.80,39999.05
21 Mar 2023,Nifty Bank,39599.65,39970.90,39366.30,39894.70
20 Mar 2023,Nifty Bank,39512.10,39512.10,38941.90,39361.95
17 Mar 2023,Nifty Bank,39442.40,39705.15,38926.80,39598.10
16 Mar 2023,Nifty Bank,39061.70,39381.40,38613.15,39132.60
15 Mar 2023,Nifty Bank,39777.90,39914.10,38934.65,39051.50
14 Mar 2023,Nifty Bank,39522.40,39768.50,39132.60,39411.40
13 Mar 2023,Nifty Bank,40356.10,40690.05,39454.60,39564.70
10 Mar 2023,Nifty Bank,40805.25,40839.00,40341.70,40485.45
09 Mar 2023,Nifty Bank,41532.65,41659.00,41208.10,41256.75
08 Mar 2023,Nifty Bank,41178.35,41625.35,41100.35,41577.10
06 Mar 2023,Nifty Bank,41418.40,41671.20,41259.15,41350.40
03 Mar 2023,Nifty Bank,40671.40,41390.15,40605.35,41251.35
02 Mar 2023,Nifty Bank,40604.55,40773.25,40312.90,40389.80
01 Mar 2023,Nifty Bank,40473.85,40725.35,40341.95,40698.15
28 Feb 2023,Nifty Bank,40302.70,40391.45,40073.00,40269.05
27 Feb 2023,Nifty Bank,39820.40,40371.45,39745.40,40307.10
24 Feb 2023,Nifty Bank,40259.10,40348.10,39818.90,39909.40
23 Feb 2023,Nifty Bank,39983.70,40147.80,39600.25,40001.55
22 Feb 2023,Nifty Bank,40494.15,40529.25,39899.00,39995.90
21 Feb 2023,Nifty Bank,40784.90,40946.20,40508.25,40673.60
20 Feb 2023,Nifty Bank,41221.55,41292.60,40580.10,40701.70
17 Feb 2023,Nifty Bank,41514.00,41516.30,40882.70,41131.75
16 Feb 2023,Nifty Bank,41925.70,41979.10,41521.95,41631.35
15 Feb 2023,Nifty Bank,41674.60,41795.45,41455.60,41731.05
14 Feb 2023,Nifty Bank,41410.45,41718.00,41195.75,41648.35
13 Feb 2023,Nifty Bank,41563.50,41662.55,41157.90,41282.20
10 Feb 2023,Nifty Bank,41452.40,41678.90,41424.90,41559.40
09 Feb 2023,Nifty Bank,41634.00,41634.00,41252.95,41554.30
08 Feb 2023,Nifty Bank,41542.05,41791.95,41403.05,41537.65
07 Feb 2023,Nifty Bank,41513.10,41630.75,41095.10,41490.95
06 Feb 2023,Nifty Bank,41530.15,41724.50,41261.20,41374.65
03 Feb 2023,Nifty Bank,41019.35,41539.95,40609.75,41499.70
02 Feb 2023,Nifty Bank,39943.35,40757.60,39761.45,40669.30
01 Feb 2023,Nifty Bank,41115.00,42015.65,39490.50,40513.00
31 Jan 2023,Nifty Bank,40563.85,40811.65,40167.70,40655.05
30 Jan 2023,Nifty Bank,39856.15,40789.55,39419.80,40387.45
27 Jan 2023,Nifty Bank,41382.35,41417.90,40148.80,40345.30
25 Jan 2023,Nifty Bank,42703.60,42733.05,41540.30,41647.65
24 Jan 2023,Nifty Bank,42994.45,43078.90,42615.65,42733.45
23 Jan 2023,Nifty Bank,42891.45,43005.85,42727.70,42821.25
20 Jan 2023,Nifty Bank,42516.05,42709.20,42366.15,42506.80
19 Jan 2023,Nifty Bank,42416.30,42506.25,42234.90,42328.85
18 Jan 2023,Nifty Bank,42271.80,42555.90,42119.65,42458.00
17 Jan 2023,Nifty Bank,42241.20,42383.80,41861.10,42235.05
16 Jan 2023,Nifty Bank,42622.50,42715.65,42066.55,42167.55
13 Jan 2023,Nifty Bank,42171.25,42453.95,41885.60,42371.25
12 Jan 2023,Nifty Bank,42238.50,42343.50,41742.95,42082.25
11 Jan 2023,Nifty Bank,42071.85,42318.00,41729.00,42232.70
10 Jan 2023,Nifty Bank,42642.00,42674.25,41835.75,42014.75
09 Jan 2023,Nifty Bank,42404.85,42716.80,42186.55,42582.75
06 Jan 2023,Nifty Bank,42649.70,42685.90,41877.00,42188.80
05 Jan 2023,Nifty Bank,43073.05,43137.55,42298.60,42608.70
04 Jan 2023,Nifty Bank,43417.50,43578.40,42858.65,42958.80
03 Jan 2023,Nifty Bank,43151.45,43482.80,43148.45,43425.25
02 Jan 2023,Nifty Bank,43038.25,43382.75,42961.75,43203.10
30 Dec 2022,Nifty Bank,43401.70,43422.95,42833.10,42986.45
29 Dec 2022,Nifty Bank,42684.90,43498.05,42489.80,43252.35
28 Dec 2022,Nifty Bank,42733.60,43034.95,42694.85,42827.70
27 Dec 2022,Nifty Bank,42827.75,42927.20,42394.15,42859.50
26 Dec 2022,Nifty Bank,41716.35,42846.15,41569.45,42630.15
23 Dec 2022,Nifty Bank,41951.35,42226.65,41597.65,41668.05
22 Dec 2022,Nifty Bank,42864.00,42933.50,42231.35,42408.80
21 Dec 2022,Nifty Bank,43525.75,43614.65,42363.80,42617.95
20 Dec 2022,Nifty Bank,43152.65,43426.20,42955.40,43359.50
19 Dec 2022,Nifty Bank,43346.35,43451.45,43110.30,43413.75
16 Dec 2022,Nifty Bank,43261.75,43598.20,43080.55,43219.50
15 Dec 2022,Nifty Bank,43940.10,44120.60,43379.10,43498.20
14 Dec 2022,Nifty Bank,44078.60,44151.80,43987.95,44049.10
13 Dec 2022,Nifty Bank,43793.70,43983.80,43767.75,43946.55
12 Dec 2022,Nifty Bank,43455.85,43767.05,43378.80,43708.75
09 Dec 2022,Nifty Bank,43765.30,43853.40,43361.70,43633.45
08 Dec 2022,Nifty Bank,43142.25,43640.90,43095.30,43596.85
07 Dec 2022,Nifty Bank,43157.35,43327.35,42948.45,43098.70
06 Dec 2022,Nifty Bank,43093.90,43306.85,43076.40,43138.55
05 Dec 2022,Nifty Bank,43269.35,43372.15,42985.00,43332.95
02 Dec 2022,Nifty Bank,42976.70,43131.90,42937.80,43103.75
01 Dec 2022,Nifty Bank,43512.10,43515.05,43101.85,43260.65
30 Nov 2022,Nifty Bank,43122.75,43332.30,42880.05,43231.00
29 Nov 2022,Nifty Bank,42959.40,43279.60,42959.40,43053.45
28 Nov 2022,Nifty Bank,42757.20,43159.80,42740.00,43020.45
25 Nov 2022,Nifty Bank,43192.45,43339.15,42864.95,42983.95
24 Nov 2022,Nifty Bank,42838.35,43163.40,42769.65,43075.40
23 Nov 2022,Nifty Bank,42668.55,42860.55,42556.40,42729.10
22 Nov 2022,Nifty Bank,42467.40,42508.75,42347.15,42457.05
21 Nov 2022,Nifty Bank,42286.95,42386.80,42202.55,42346.55
18 Nov 2022,Nifty Bank,42545.75,42590.75,42223.70,42437.45
17 Nov 2022,Nifty Bank,42399.65,42622.75,42366.55,42458.05
16 Nov 2022,Nifty Bank,42371.80,42611.75,42296.30,42535.30
15 Nov 2022,Nifty Bank,42234.85,42450.05,42079.55,42372.70
14 Nov 2022,Nifty Bank,42177.55,42231.45,41965.45,42076.75
11 Nov 2022,Nifty Bank,42163.40,42345.50,41918.10,42137.05
10 Nov 2022,Nifty Bank,41462.85,41643.90,41318.60,41603.75
09 Nov 2022,Nifty Bank,41914.85,41948.90,41667.90,41783.20
07 Nov 2022,Nifty Bank,41740.65,41779.40,41337.05,41686.70
04 Nov 2022,Nifty Bank,41314.85,41516.20,41051.15,41258.45
03 Nov 2022,Nifty Bank,40873.70,41478.00,40819.15,41298.35
02 Nov 2022,Nifty Bank,41472.60,41474.30,41060.45,41146.65
01 Nov 2022,Nifty Bank,41552.40,41677.25,41188.55,41289.55
31 Oct 2022,Nifty Bank,41265.70,41353.70,41106.10,41307.90
28 Oct 2022,Nifty Bank,41236.80,41482.40,40839.30,40990.85
27 Oct 2022,Nifty Bank,41440.70,41511.80,41178.65,41299.30
25 Oct 2022,Nifty Bank,41513.65,41530.65,41021.45,41122.75
24 Oct 2022,Nifty Bank,41348.35,41427.25,41201.15,41304.90
21 Oct 2022,Nifty Bank,40370.75,41032.25,40355.45,40784.05
20 Oct 2022,Nifty Bank,40149.50,40208.35,39848.85,40099.55
19 Oct 2022,Nifty Bank,40556.65,40643.60,40195.20,40373.20
18 Oct 2022,Nifty Bank,40252.05,40435.35,40139.85,40318.75
17 Oct 2022,Nifty Bank,39295.60,39974.70,39146.70,39920.45
14 Oct 2022,Nifty Bank,39446.05,39570.85,39196.30,39305.60
13 Oct 2022,Nifty Bank,38957.65,39061.30,38437.95,38624.00
12 Oct 2022,Nifty Bank,38784.20,39164.10,38606.40,39118.55
11 Oct 2022,Nifty Bank,39058.85,39174.95,38622.75,38712.45
10 Oct 2022,Nifty Bank,38641.55,39315.70,38518.30,39093.10
07 Oct 2022,Nifty Bank,39093.50,39235.05,38807.50,39178.05
06 Oct 2022,Nifty Bank,39343.70,39608.35,39232.90,39282.85
04 Oct 2022,Nifty Bank,38700.40,39177.50,38596.90,39110.05
03 Oct 2022,Nifty Bank,38444.90,38641.60,37963.25,38029.65
30 Sep 2022,Nifty Bank,37660.00,38811.00,37386.35,38631.95
29 Sep 2022,Nifty Bank,38092.85,38283.40,37536.65,37647.75
28 Sep 2022,Nifty Bank,38081.25,38368.80,37626.20,37759.85
27 Sep 2022,Nifty Bank,38811.70,39050.50,38184.90,38359.15
26 Sep 2022,Nifty Bank,39027.85,39229.40,38492.20,38616.25
23 Sep 2022,Nifty Bank,40429.35,40528.40,39412.70,39546.25
22 Sep 2022,Nifty Bank,40889.05,41159.20,40360.20,40630.60
21 Sep 2022,Nifty Bank,41282.60,41501.70,40889.15,41203.45
20 Sep 2022,Nifty Bank,41304.15,41677.65,41207.30,41468.30
19 Sep 2022,Nifty Bank,40685.60,41184.25,40509.90,40904.40
16 Sep 2022,Nifty Bank,40977.20,41162.50,40502.05,40776.80
15 Sep 2022,Nifty Bank,41533.70,41840.15,41153.50,41209.20
14 Sep 2022,Nifty Bank,40308.80,41626.90,40288.90,41405.40
13 Sep 2022,Nifty Bank,40802.10,40904.30,40693.95,40873.10
12 Sep 2022,Nifty Bank,40540.45,40684.90,40377.90,40574.00
09 Sep 2022,Nifty Bank,40520.75,40685.95,40280.30,40415.70
08 Sep 2022,Nifty Bank,39763.90,40265.75,39706.40,40208.95
07 Sep 2022,Nifty Bank,39337.75,39572.05,39258.25,39455.90
06 Sep 2022,Nifty Bank,39892.95,40073.75,39564.30,39666.50
05 Sep 2022,Nifty Bank,39412.05,39865.20,39407.40,39805.75
02 Sep 2022,Nifty Bank,39422.30,39595.85,39200.45,39421.00
01 Sep 2022,Nifty Bank,38806.70,39667.65,38803.30,39301.25
30 Aug 2022,Nifty Bank,38516.95,39606.55,38472.70,39536.75
29 Aug 2022,Nifty Bank,38111.60,38397.10,37943.85,38276.70
26 Aug 2022,Nifty Bank,39129.65,39337.10,38846.80,38987.15
25 Aug 2022,Nifty Bank,39190.05,39471.75,38803.70,38950.75
24 Aug 2022,Nifty Bank,38552.70,39120.80,38552.20,39038.50
23 Aug 2022,Nifty Bank,37955.45,38869.90,37950.85,38697.65
22 Aug 2022,Nifty Bank,38693.65,38732.85,38247.25,38297.75
19 Aug 2022,Nifty Bank,39732.65,39759.15,38848.40,38985.95
18 Aug 2022,Nifty Bank,39324.40,39703.70,39291.15,39656.15
17 Aug 2022,Nifty Bank,39351.30,39504.50,39202.80,39461.70
16 Aug 2022,Nifty Bank,39284.10,39444.60,39119.90,39239.65
12 Aug 2022,Nifty Bank,38942.45,39088.90,38739.95,39042.30
11 Aug 2022,Nifty Bank,38712.95,38932.10,38648.90,38879.85
10 Aug 2022,Nifty Bank,38298.85,38402.95,38155.30,38287.85
08 Aug 2022,Nifty Bank,37847.35,38302.35,37681.45,38237.40
05 Aug 2022,Nifty Bank,37868.25,38150.45,37779.90,37920.60
04 Aug 2022,Nifty Bank,38111.05,38231.85,37249.50,37755.55
03 Aug 2022,Nifty Bank,37954.55,38068.60,37692.95,37989.25
02 Aug 2022,Nifty Bank,37767.70,38179.85,37632.30,38024.00
01 Aug 2022,Nifty Bank,37594.15,37939.60,37407.20,37903.20
29 Jul 2022,Nifty Bank,37717.30,37754.65,37221.15,37491.40
28 Jul 2022,Nifty Bank,37102.45,37414.40,37028.50,37378.15
27 Jul 2022,Nifty Bank,36370.55,36808.30,36248.60,36783.75
26 Jul 2022,Nifty Bank,36688.55,36695.75,36334.10,36408.50
25 Jul 2022,Nifty Bank,36766.70,37011.20,36464.65,36726.40
22 Jul 2022,Nifty Bank,36322.90,36823.45,36286.35,36738.95
21 Jul 2022,Nifty Bank,36026.55,36331.70,35887.35,36201.00
20 Jul 2022,Nifty Bank,36061.30,36182.70,35876.55,35972.10
19 Jul 2022,Nifty Bank,35113.25,35761.65,35110.50,35720.35
18 Jul 2022,Nifty Bank,34841.85,35382.50,34804.40,35358.70
15 Jul 2022,Nifty Bank,34734.45,34899.95,34463.90,34682.65
14 Jul 2022,Nifty Bank,34817.95,35027.60,34558.45,34651.20
13 Jul 2022,Nifty Bank,35259.80,35308.15,34757.60,34827.80
12 Jul 2022,Nifty Bank,35298.70,35419.65,35047.50,35132.25
11 Jul 2022,Nifty Bank,35017.60,35543.10,35006.55,35469.65
08 Jul 2022,Nifty Bank,35258.90,35262.10,34977.75,35124.05
07 Jul 2022,Nifty Bank,34627.40,34965.75,34553.10,34920.30
06 Jul 2022,Nifty Bank,33929.40,34388.50,33876.15,34324.25
05 Jul 2022,Nifty Bank,34084.70,34361.05,33757.00,33815.90
04 Jul 2022,Nifty Bank,33558.85,33978.50,33515.60,33940.90
01 Jul 2022,Nifty Bank,33264.75,33666.50,33080.45,33539.45
30 Jun 2022,Nifty Bank,33180.70,33659.30,33179.60,33425.10
29 Jun 2022,Nifty Bank,33273.55,33422.80,33185.25,33269.90
28 Jun 2022,Nifty Bank,33578.20,33745.30,33503.30,33642.45
27 Jun 2022,Nifty Bank,34126.20,34147.50,33735.50,33811.25
24 Jun 2022,Nifty Bank,33434.80,33721.90,33390.85,33627.45
23 Jun 2022,Nifty Bank,32927.40,33431.75,32652.15,33135.00
22 Jun 2022,Nifty Bank,33051.65,33106.95,32758.15,32845.30
21 Jun 2022,Nifty Bank,32978.05,33593.80,32797.55,33191.75
20 Jun 2022,Nifty Bank,32873.40,32926.10,32426.40,32684.80
17 Jun 2022,Nifty Bank,32393.45,32889.80,32290.55,32743.05
16 Jun 2022,Nifty Bank,33648.80,33756.50,32537.95,32617.10
15 Jun 2022,Nifty Bank,33317.80,33554.55,33249.55,33339.00
14 Jun 2022,Nifty Bank,33180.60,33618.15,33123.90,33311.35
13 Jun 2022,Nifty Bank,33728.65,33774.05,33210.35,33405.85
10 Jun 2022,Nifty Bank,34686.95,34752.45,34346.65,34483.80
09 Jun 2022,Nifty Bank,34802.25,35149.10,34659.10,35085.45
08 Jun 2022,Nifty Bank,35165.65,35449.90,34831.75,34946.15
07 Jun 2022,Nifty Bank,35080.80,35154.30,34834.40,34996.00
06 Jun 2022,Nifty Bank,35159.15,35424.50,35072.30,35310.20
03 Jun 2022,Nifty Bank,35929.55,35958.45,35175.10,35275.05
02 Jun 2022,Nifty Bank,35470.95,35676.20,35385.00,35613.65
01 Jun 2022,Nifty Bank,35358.95,35768.70,35285.45,35620.80
31 May 2022,Nifty Bank,35615.30,35881.95,35288.95,35487.40
30 May 2022,Nifty Bank,35958.80,36083.70,35748.45,35826.95
27 May 2022,Nifty Bank,35326.60,35694.85,35291.95,35613.30
26 May 2022,Nifty Bank,34670.60,35222.05,34424.75,35094.90
25 May 2022,Nifty Bank,34491.80,34722.60,34285.80,34339.50
24 May 2022,Nifty Bank,34223.20,34586.45,34115.80,34290.15
23 May 2022,Nifty Bank,34321.40,34819.95,34117.35,34247.60
20 May 2022,Nifty Bank,33765.15,34358.05,33658.05,34276.40
19 May 2022,Nifty Bank,33461.00,33633.95,33180.60,33315.65
18 May 2022,Nifty Bank,34448.20,34655.80,34134.70,34163.70
17 May 2022,Nifty Bank,33796.20,34366.05,33680.60,34301.90
16 May 2022,Nifty Bank,33256.00,33821.65,33001.75,33597.60
13 May 2022,Nifty Bank,33925.95,34002.20,33007.90,33121.35
12 May 2022,Nifty Bank,34289.10,34341.20,33297.65,33532.15
11 May 2022,Nifty Bank,34686.30,34793.20,34143.20,34693.15
10 May 2022,Nifty Bank,34181.20,34781.80,34176.80,34482.65
09 May 2022,Nifty Bank,34091.75,34554.35,33927.20,34275.40
06 May 2022,Nifty Bank,34569.10,34797.95,34353.20,34591.20
05 May 2022,Nifty Bank,35705.35,35934.85,35133.80,35232.85
04 May 2022,Nifty Bank,36266.15,36309.30,35127.85,35264.55
02 May 2022,Nifty Bank,35627.60,36235.25,35618.20,36163.75
29 Apr 2022,Nifty Bank,36474.05,36718.80,35978.95,36088.15
28 Apr 2022,Nifty Bank,36189.95,36501.10,35951.10,36422.20
27 Apr 2022,Nifty Bank,36067.55,36175.90,35747.15,36028.85
26 Apr 2022,Nifty Bank,36515.35,36604.55,36265.90,36404.80
25 Apr 2022,Nifty Bank,35792.35,36270.15,35511.40,36082.35
22 Apr 2022,Nifty Bank,36514.15,36578.95,35991.50,36044.75
21 Apr 2022,Nifty Bank,36513.10,36913.35,36395.70,36816.10
20 Apr 2022,Nifty Bank,36482.60,36513.85,36114.05,36314.90
19 Apr 2022,Nifty Bank,36806.80,37123.55,35926.30,36341.60
18 Apr 2022,Nifty Bank,36833.15,36965.85,36441.35,36729.00
13 Apr 2022,Nifty Bank,37887.30,37988.60,37408.20,37463.40
12 Apr 2022,Nifty Bank,37407.40,37920.60,37264.45,37747.40
11 Apr 2022,Nifty Bank,37591.75,37941.75,37524.45,37613.80
08 Apr 2022,Nifty Bank,37619.70,37884.20,37405.20,37752.05
07 Apr 2022,Nifty Bank,37421.75,37975.90,37346.80,37557.35
06 Apr 2022,Nifty Bank,37711.30,37868.50,37513.85,37632.80
05 Apr 2022,Nifty Bank,38731.30,38759.25,37935.95,38067.90
04 Apr 2022,Nifty Bank,37824.95,38765.85,37665.55,38635.20
01 Apr 2022,Nifty Bank,36298.35,37209.80,36242.35,37148.50
31 Mar 2022,Nifty Bank,36457.20,36590.85,36278.15,36373.60
30 Mar 2022,Nifty Bank,36241.55,36421.10,36070.55,36334.30
29 Mar 2022,Nifty Bank,35931.75,35977.20,35506.55,35847.40
28 Mar 2022,Nifty Bank,35488.70,35770.80,35016.30,35710.50
25 Mar 2022,Nifty Bank,35700.40,35717.40,35203.85,35410.10
24 Mar 2022,Nifty Bank,35633.70,35957.70,35421.70,35527.10
23 Mar 2022,Nifty Bank,36627.70,36827.60,36064.75,36147.35
22 Mar 2022,Nifty Bank,35975.60,36468.80,35384.75,36348.55
21 Mar 2022,Nifty Bank,36545.85,36600.20,35900.20,36018.50
17 Mar 2022,Nifty Bank,36302.00,36611.95,36261.65,36428.55
16 Mar 2022,Nifty Bank,35555.75,35806.35,35461.55,35748.25
15 Mar 2022,Nifty Bank,35467.95,35643.80,34706.05,35022.65
14 Mar 2022,Nifty Bank,34660.25,35435.10,34625.05,35312.15
11 Mar 2022,Nifty Bank,34331.00,34880.05,34094.30,34546.25
10 Mar 2022,Nifty Bank,35153.95,35374.15,34218.05,34475.60
09 Mar 2022,Nifty Bank,33278.90,33969.50,32948.90,33815.45
08 Mar 2022,Nifty Bank,32531.90,33263.55,32155.35,33158.10
07 Mar 2022,Nifty Bank,33278.15,33543.30,32376.50,32871.25
04 Mar 2022,Nifty Bank,34526.10,35097.75,34094.10,34407.80
03 Mar 2022,Nifty Bank,35621.15,35804.15,34721.15,34944.30
02 Mar 2022,Nifty Bank,35381.90,35553.70,34897.45,35372.80
28 Feb 2022,Nifty Bank,35938.95,36270.25,35611.90,36205.30
25 Feb 2022,Nifty Bank,35901.70,36684.65,35768.20,36430.75
24 Feb 2022,Nifty Bank,36085.20,36709.15,34991.35,35228.10
23 Feb 2022,Nifty Bank,37628.55,37774.60,37318.00,37392.05
22 Feb 2022,Nifty Bank,36833.00,37659.40,36818.10,37371.65
21 Feb 2022,Nifty Bank,37400.00,38054.40,37156.80,37685.60
18 Feb 2022,Nifty Bank,37344.45,37817.55,37304.45,37599.15
17 Feb 2022,Nifty Bank,38042.10,38124.50,37425.60,37531.65
16 Feb 2022,Nifty Bank,38296.50,38461.70,37762.80,37953.80
15 Feb 2022,Nifty Bank,36989.80,38231.60,36651.85,38170.10
14 Feb 2022,Nifty Bank,37664.00,37796.55,36828.05,36908.55
11 Feb 2022,Nifty Bank,38567.65,38790.25,38396.40,38517.25
10 Feb 2022,Nifty Bank,38801.45,39197.20,38520.00,39010.95
09 Feb 2022,Nifty Bank,38283.60,38648.15,38192.00,38610.25
08 Feb 2022,Nifty Bank,38176.10,38222.10,37319.05,38028.45
07 Feb 2022,Nifty Bank,38592.05,38837.55,37802.70,37995.45
04 Feb 2022,Nifty Bank,39128.00,39278.60,38562.60,38789.35
03 Feb 2022,Nifty Bank,39255.70,39424.85,38861.15,39010.00
02 Feb 2022,Nifty Bank,38841.55,39386.60,38752.65,39330.50
01 Feb 2022,Nifty Bank,38460.45,38802.70,37690.60,38505.50
31 Jan 2022,Nifty Bank,38091.80,38217.25,37647.85,37975.35
28 Jan 2022,Nifty Bank,38246.60,38421.70,37581.50,37689.40
27 Jan 2022,Nifty Bank,37058.20,38147.65,37012.25,37982.10
25 Jan 2022,Nifty Bank,36598.05,37788.80,36415.60,37706.75
24 Jan 2022,Nifty Bank,37601.95,37694.70,36375.35,36947.55
21 Jan 2022,Nifty Bank,37522.35,37741.00,37224.25,37574.30
20 Jan 2022,Nifty Bank,38106.10,38167.95,37591.85,37850.85
19 Jan 2022,Nifty Bank,38145.75,38330.50,37769.25,38041.35
18 Jan 2022,Nifty Bank,38337.40,38855.55,38095.40,38210.30
17 Jan 2022,Nifty Bank,38212.55,38617.50,38138.25,38216.15
14 Jan 2022,Nifty Bank,38302.35,38448.05,38007.75,38370.40
13 Jan 2022,Nifty Bank,38717.55,38717.55,38376.15,38469.95
12 Jan 2022,Nifty Bank,38719.60,38851.45,38604.60,38727.55
11 Jan 2022,Nifty Bank,38370.00,38504.60,38031.75,38442.20
10 Jan 2022,Nifty Bank,37930.55,38400.35,37929.35,38347.90
07 Jan 2022,Nifty Bank,37667.05,38134.85,37427.80,37739.60
06 Jan 2022,Nifty Bank,37242.55,37752.50,37058.45,37490.25
05 Jan 2022,Nifty Bank,36943.55,37862.40,36756.35,37695.90
04 Jan 2022,Nifty Bank,36551.25,36887.80,36374.40,36840.15
03 Jan 2022,Nifty Bank,35585.20,36492.10,35526.60,36421.90
31 Dec 2021,Nifty Bank,35114.40,35596.95,35113.75,35481.70
30 Dec 2021,Nifty Bank,34977.65,35179.05,34751.25,35063.60
29 Dec 2021,Nifty Bank,35168.85,35378.30,34890.80,35045.40
28 Dec 2021,Nifty Bank,35308.30,35352.40,35037.90,35183.80
27 Dec 2021,Nifty Bank,34573.65,35143.70,34233.00,35057.90
24 Dec 2021,Nifty Bank,35282.20,35327.95,34583.40,34857.05
23 Dec 2021,Nifty Bank,35350.50,35477.30,35046.25,35191.15
22 Dec 2021,Nifty Bank,34865.25,35112.10,34687.60,35029.50
21 Dec 2021,Nifty Bank,34863.35,35050.00,34389.95,34607.85
20 Dec 2021,Nifty Bank,35124.35,35231.10,34018.45,34439.85
17 Dec 2021,Nifty Bank,36491.80,36550.75,35535.05,35618.65
16 Dec 2021,Nifty Bank,37092.95,37159.30,36385.75,36548.65
15 Dec 2021,Nifty Bank,36929.50,37083.50,36743.20,36789.55
14 Dec 2021,Nifty Bank,36778.95,37039.05,36545.40,36893.95
13 Dec 2021,Nifty Bank,37358.20,37581.05,36861.90,36925.25
10 Dec 2021,Nifty Bank,37083.15,37153.25,36824.40,37105.65
09 Dec 2021,Nifty Bank,37331.75,37397.55,36884.45,37082.45
08 Dec 2021,Nifty Bank,37052.75,37384.80,36905.15,37284.70
07 Dec 2021,Nifty Bank,36086.95,36820.70,36013.95,36618.40
06 Dec 2021,Nifty Bank,36252.75,36344.55,35696.75,35735.90
03 Dec 2021,Nifty Bank,36497.30,36844.00,36062.85,36197.15
02 Dec 2021,Nifty Bank,36281.85,36563.50,36166.70,36508.25
01 Dec 2021,Nifty Bank,35902.90,36445.35,35805.00,36364.90
30 Nov 2021,Nifty Bank,35958.80,36774.20,35526.35,35695.30
29 Nov 2021,Nifty Bank,36224.45,36347.85,35327.90,35976.45
26 Nov 2021,Nifty Bank,36830.90,36868.90,35904.10,36025.50
25 Nov 2021,Nifty Bank,37362.05,37507.95,37118.40,37364.75
24 Nov 2021,Nifty Bank,37384.75,37891.90,37238.05,37441.95
23 Nov 2021,Nifty Bank,36787.00,37448.75,36647.55,37272.80
22 Nov 2021,Nifty Bank,38232.15,38241.00,36655.40,37128.80
18 Nov 2021,Nifty Bank,38071.90,38233.95,37748.45,37976.25
17 Nov 2021,Nifty Bank,38113.40,38456.30,37981.20,38041.55
16 Nov 2021,Nifty Bank,38710.90,38724.70,38211.10,38307.10
15 Nov 2021,Nifty Bank,38849.45,39117.15,38606.60,38702.35
12 Nov 2021,Nifty Bank,38707.15,38822.85,38467.80,38733.35
11 Nov 2021,Nifty Bank,38913.05,38929.95,38346.05,38560.20
10 Nov 2021,Nifty Bank,39206.20,39220.30,38873.80,39023.25
09 Nov 2021,Nifty Bank,39517.85,39560.60,39223.40,39368.80
08 Nov 2021,Nifty Bank,39674.05,39674.05,38932.15,39438.25
04 Nov 2021,Nifty Bank,39669.10,39734.70,39514.15,39573.70
03 Nov 2021,Nifty Bank,40040.65,40160.20,39304.85,39402.05
02 Nov 2021,Nifty Bank,39796.90,40107.60,39590.70,39938.45
01 Nov 2021,Nifty Bank,39432.15,39862.60,39120.65,39763.75
29 Oct 2021,Nifty Bank,39424.55,39775.25,38426.65,39115.60
28 Oct 2021,Nifty Bank,40915.15,40931.05,39350.20,39508.95
27 Oct 2021,Nifty Bank,41234.55,41347.00,40750.00,40874.35
26 Oct 2021,Nifty Bank,41057.75,41367.25,40829.15,41238.30
25 Oct 2021,Nifty Bank,40961.25,41829.60,40508.10,41192.40
22 Oct 2021,Nifty Bank,40192.65,40587.35,40149.55,40323.65
21 Oct 2021,Nifty Bank,39676.55,40200.45,39428.10,40030.20
20 Oct 2021,Nifty Bank,39545.45,39774.55,39292.80,39518.20
19 Oct 2021,Nifty Bank,39927.30,40011.15,39394.25,39540.50
18 Oct 2021,Nifty Bank,39794.25,39947.60,39569.55,39684.80
14 Oct 2021,Nifty Bank,38684.65,39375.05,38673.00,39340.90
13 Oct 2021,Nifty Bank,38735.30,38779.05,38502.70,38635.75
12 Oct 2021,Nifty Bank,38178.35,38609.60,38144.60,38521.50
11 Oct 2021,Nifty Bank,37782.75,38495.30,37744.65,38293.80
08 Oct 2021,Nifty Bank,37906.40,38105.20,37674.35,37775.25
07 Oct 2021,Nifty Bank,37894.00,37923.65,37650.25,37753.20
06 Oct 2021,Nifty Bank,37768.80,38106.85,37452.00,37521.55
05 Oct 2021,Nifty Bank,37499.80,37786.60,37364.75,37741.00
04 Oct 2021,Nifty Bank,37392.15,37670.70,37355.60,37579.65
01 Oct 2021,Nifty Bank,37140.40,37299.40,36876.35,37225.90
30 Sep 2021,Nifty Bank,37677.80,37884.85,37354.25,37425.10
29 Sep 2021,Nifty Bank,37601.10,37923.45,37371.05,37743.00
28 Sep 2021,Nifty Bank,38360.00,38377.25,37315.20,37945.00
27 Sep 2021,Nifty Bank,38054.75,38355.20,37968.20,38171.25
24 Sep 2021,Nifty Bank,37954.00,38112.60,37680.00,37830.30
23 Sep 2021,Nifty Bank,37241.25,37830.75,37216.15,37771.70
22 Sep 2021,Nifty Bank,37277.10,37328.60,36885.60,36944.65
21 Sep 2021,Nifty Bank,37238.40,37340.70,36525.95,37235.85
20 Sep 2021,Nifty Bank,37388.20,37802.75,37068.45,37145.70
17 Sep 2021,Nifty Bank,37929.50,38112.75,37396.05,37811.95
16 Sep 2021,Nifty Bank,36946.00,37720.15,36907.75,37668.60
15 Sep 2021,Nifty Bank,36543.55,36949.70,36496.05,36852.25
14 Sep 2021,Nifty Bank,36639.95,36756.00,36529.65,36613.05
13 Sep 2021,Nifty Bank,36608.45,36724.85,36327.05,36471.80
09 Sep 2021,Nifty Bank,36725.50,36857.20,36566.70,36683.20
08 Sep 2021,Nifty Bank,36519.70,36855.90,36393.60,36768.20
07 Sep 2021,Nifty Bank,36558.85,36685.85,36151.95,36468.80
06 Sep 2021,Nifty Bank,36878.25,36923.65,36554.45,36592.35
03 Sep 2021,Nifty Bank,36883.65,37140.00,36563.20,36761.15
02 Sep 2021,Nifty Bank,36588.40,36895.55,36469.00,36831.30
01 Sep 2021,Nifty Bank,36591.45,36997.70,36487.15,36574.30
31 Aug 2021,Nifty Bank,36367.40,36552.80,36216.20,36424.60
30 Aug 2021,Nifty Bank,35781.05,36398.45,35721.90,36347.65
27 Aug 2021,Nifty Bank,35559.75,35727.90,35359.25,35627.80
26 Aug 2021,Nifty Bank,35485.95,35785.80,35411.80,35617.55
25 Aug 2021,Nifty Bank,35768.85,35910.30,35499.65,35586.25
24 Aug 2021,Nifty Bank,35200.75,35795.30,35070.00,35712.10
23 Aug 2021,Nifty Bank,35424.20,35427.40,34817.50,35124.40
20 Aug 2021,Nifty Bank,35146.50,35306.50,34926.50,35033.85
18 Aug 2021,Nifty Bank,36222.50,36248.90,35432.00,35554.50
17 Aug 2021,Nifty Bank,35935.05,35993.70,35611.85,35867.45
16 Aug 2021,Nifty Bank,36100.65,36261.55,36032.40,36094.50
13 Aug 2021,Nifty Bank,36000.75,36233.30,35937.10,36169.35
12 Aug 2021,Nifty Bank,35825.40,35998.15,35702.90,35937.05
11 Aug 2021,Nifty Bank,36218.25,36227.55,35531.35,35806.40
10 Aug 2021,Nifty Bank,35954.55,36317.00,35890.50,36034.10
09 Aug 2021,Nifty Bank,35824.20,36159.85,35612.30,36028.95
06 Aug 2021,Nifty Bank,35875.80,36080.10,35700.45,35809.25
05 Aug 2021,Nifty Bank,36093.95,36115.45,35661.30,35834.75
04 Aug 2021,Nifty Bank,35388.15,36219.80,35313.00,36028.05
03 Aug 2021,Nifty Bank,34660.75,35238.45,34649.20,35207.45
02 Aug 2021,Nifty Bank,34760.90,34861.75,34588.25,34710.00
30 Jul 2021,Nifty Bank,34698.75,34738.75,34445.40,34584.35
29 Jul 2021,Nifty Bank,34740.30,34778.15,34495.20,34691.50
28 Jul 2021,Nifty Bank,34839.45,34841.55,34115.20,34532.90
27 Jul 2021,Nifty Bank,35029.30,35186.10,34713.55,34797.45
26 Jul 2021,Nifty Bank,34947.85,35138.20,34669.55,34949.70
23 Jul 2021,Nifty Bank,34748.35,35088.00,34404.75,35034.40
22 Jul 2021,Nifty Bank,34774.55,34989.10,34557.85,34677.30
